county,precinct,office,district,party,candidate,votes
Iosoco,Alabaster Township Precinct 1,Straight Party,,DEM,Democratic Party,54
Iosoco,AuSable Township Precinct 1,Straight Party,,DEM,Democratic Party,224
Iosoco,Baldwin Township Precinct 1,Straight Party,,DEM,Democratic Party,172
Iosoco,Burleigh Township Precinct 1,Straight Party,,DEM,Democratic Party,48
Iosoco,City of East Tawas Precinct 1,Straight Party,,DEM,Democratic Party,292
Iosoco,City of Tawas City Precinct 1,Straight Party,,DEM,Democratic Party,144
Iosoco,City of Whittemore Precinct 1,Straight Party,,DEM,Democratic Party,26
Iosoco,Curtis Township Precinct 1 (Out of County),Straight Party,,DEM,Democratic Party,0
Iosoco,Grant Township Precinct 1,Straight Party,,DEM,Democratic Party,139
Iosoco,Greenbush Township Precinct 1 (Out of County),Straight Party,,DEM,Democratic Party,0
Iosoco,Hill Township Precinct 1 (Out of County),Straight Party,,DEM,Democratic Party,0
Iosoco,Logan Township Precinct 1 (Out of County),Straight Party,,DEM,Democratic Party,0
Iosoco,Mikado Township Precinct 1 (Out of County),Straight Party,,DEM,Democratic Party,0
Iosoco,Oscoda Township Precinct 1,Straight Party,,DEM,Democratic Party,245
Iosoco,Oscoda Township Precinct 2,Straight Party,,DEM,Democratic Party,92
Iosoco,Oscoda Township Precinct 3,Straight Party,,DEM,Democratic Party,181
Iosoco,Oscoda Township Precinct 4,Straight Party,,DEM,Democratic Party,207
Iosoco,Plainfield Township Precinct 1,Straight Party,,DEM,Democratic Party,140
Iosoco,Plainfield Township Precinct 2,Straight Party,,DEM,Democratic Party,250
Iosoco,Reno Township Precinct 1,Straight Party,,DEM,Democratic Party,36
Iosoco,Sherman Township Precinct 1,Straight Party,,DEM,Democratic Party,26
Iosoco,Tawas Township Precinct 1,Straight Party,,DEM,Democratic Party,143
Iosoco,Whitney Township Precinct 1 (Out of County),Straight Party,,DEM,Democratic Party,0
Iosoco,Wilber Township Precinct 1,Straight Party,,DEM,Democratic Party,83
Iosoco,Total,Straight Party,,DEM,Democratic Party,2502
Iosoco,Alabaster Township Precinct 1,Straight Party,,REP,Republican Party,123
Iosoco,AuSable Township Precinct 1,Straight Party,,REP,Republican Party,365
Iosoco,Baldwin Township Precinct 1,Straight Party,,REP,Republican Party,317
Iosoco,Burleigh Township Precinct 1,Straight Party,,REP,Republican Party,122
Iosoco,City of East Tawas Precinct 1,Straight Party,,REP,Republican Party,455
Iosoco,City of Tawas City Precinct 1,Straight Party,,REP,Republican Party,301
Iosoco,City of Whittemore Precinct 1,Straight Party,,REP,Republican Party,54
Iosoco,Curtis Township Precinct 1 (Out of County),Straight Party,,REP,Republican Party,0
Iosoco,Grant Township Precinct 1,Straight Party,,REP,Republican Party,274
Iosoco,Greenbush Township Precinct 1 (Out of County),Straight Party,,REP,Republican Party,0
Iosoco,Hill Township Precinct 1 (Out of County),Straight Party,,REP,Republican Party,0
Iosoco,Logan Township Precinct 1 (Out of County),Straight Party,,REP,Republican Party,0
Iosoco,Mikado Township Precinct 1 (Out of County),Straight Party,,REP,Republican Party,0
Iosoco,Oscoda Township Precinct 1,Straight Party,,REP,Republican Party,436
Iosoco,Oscoda Township Precinct 2,Straight Party,,REP,Republican Party,164
Iosoco,Oscoda Township Precinct 3,Straight Party,,REP,Republican Party,299
Iosoco,Oscoda Township Precinct 4,Straight Party,,REP,Republican Party,294
Iosoco,Plainfield Township Precinct 1,Straight Party,,REP,Republican Party,221
Iosoco,Plainfield Township Precinct 2,Straight Party,,REP,Republican Party,456
Iosoco,Reno Township Precinct 1,Straight Party,,REP,Republican Party,102
Iosoco,Sherman Township Precinct 1,Straight Party,,REP,Republican Party,66
Iosoco,Tawas Township Precinct 1,Straight Party,,REP,Republican Party,420
Iosoco,Whitney Township Precinct 1 (Out of County),Straight Party,,REP,Republican Party,0
Iosoco,Wilber Township Precinct 1,Straight Party,,REP,Republican Party,181
Iosoco,Total,Straight Party,,REP,Republican Party,4650
Iosoco,Alabaster Township Precinct 1,Straight Party,,LIB,Libertarian Party,0
Iosoco,AuSable Township Precinct 1,Straight Party,,LIB,Libertarian Party,2
Iosoco,Baldwin Township Precinct 1,Straight Party,,LIB,Libertarian Party,0
Iosoco,Burleigh Township Precinct 1,Straight Party,,LIB,Libertarian Party,2
Iosoco,City of East Tawas Precinct 1,Straight Party,,LIB,Libertarian Party,4
Iosoco,City of Tawas City Precinct 1,Straight Party,,LIB,Libertarian Party,1
Iosoco,City of Whittemore Precinct 1,Straight Party,,LIB,Libertarian Party,0
Iosoco,Curtis Township Precinct 1 (Out of County),Straight Party,,LIB,Libertarian Party,0
Iosoco,Grant Township Precinct 1,Straight Party,,LIB,Libertarian Party,1
Iosoco,Greenbush Township Precinct 1 (Out of County),Straight Party,,LIB,Libertarian Party,0
Iosoco,Hill Township Precinct 1 (Out of County),Straight Party,,LIB,Libertarian Party,0
Iosoco,Logan Township Precinct 1 (Out of County),Straight Party,,LIB,Libertarian Party,0
Iosoco,Mikado Township Precinct 1 (Out of County),Straight Party,,LIB,Libertarian Party,0
Iosoco,Oscoda Township Precinct 1,Straight Party,,LIB,Libertarian Party,5
Iosoco,Oscoda Township Precinct 2,Straight Party,,LIB,Libertarian Party,1
Iosoco,Oscoda Township Precinct 3,Straight Party,,LIB,Libertarian Party,5
Iosoco,Oscoda Township Precinct 4,Straight Party,,LIB,Libertarian Party,2
Iosoco,Plainfield Township Precinct 1,Straight Party,,LIB,Libertarian Party,2
Iosoco,Plainfield Township Precinct 2,Straight Party,,LIB,Libertarian Party,1
Iosoco,Reno Township Precinct 1,Straight Party,,LIB,Libertarian Party,2
Iosoco,Sherman Township Precinct 1,Straight Party,,LIB,Libertarian Party,0
Iosoco,Tawas Township Precinct 1,Straight Party,,LIB,Libertarian Party,1
Iosoco,Whitney Township Precinct 1 (Out of County),Straight Party,,LIB,Libertarian Party,0
Iosoco,Wilber Township Precinct 1,Straight Party,,LIB,Libertarian Party,2
Iosoco,Total,Straight Party,,LIB,Libertarian Party,31
Iosoco,Alabaster Township Precinct 1,Straight Party,,UST,U.S. Taxpayers,0
Iosoco,AuSable Township Precinct 1,Straight Party,,UST,U.S. Taxpayers,4
Iosoco,Baldwin Township Precinct 1,Straight Party,,UST,U.S. Taxpayers,1
Iosoco,Burleigh Township Precinct 1,Straight Party,,UST,U.S. Taxpayers,0
Iosoco,City of East Tawas Precinct 1,Straight Party,,UST,U.S. Taxpayers,2
Iosoco,City of Tawas City Precinct 1,Straight Party,,UST,U.S. Taxpayers,1
Iosoco,City of Whittemore Precinct 1,Straight Party,,UST,U.S. Taxpayers,1
Iosoco,Curtis Township Precinct 1 (Out of County),Straight Party,,UST,U.S. Taxpayers,0
Iosoco,Grant Township Precinct 1,Straight Party,,UST,U.S. Taxpayers,0
Iosoco,Greenbush Township Precinct 1 (Out of County),Straight Party,,UST,U.S. Taxpayers,0
Iosoco,Hill Township Precinct 1 (Out of County),Straight Party,,UST,U.S. Taxpayers,0
Iosoco,Logan Township Precinct 1 (Out of County),Straight Party,,UST,U.S. Taxpayers,0
Iosoco,Mikado Township Precinct 1 (Out of County),Straight Party,,UST,U.S. Taxpayers,0
Iosoco,Oscoda Township Precinct 1,Straight Party,,UST,U.S. Taxpayers,3
Iosoco,Oscoda Township Precinct 2,Straight Party,,UST,U.S. Taxpayers,0
Iosoco,Oscoda Township Precinct 3,Straight Party,,UST,U.S. Taxpayers,2
Iosoco,Oscoda Township Precinct 4,Straight Party,,UST,U.S. Taxpayers,2
Iosoco,Plainfield Township Precinct 1,Straight Party,,UST,U.S. Taxpayers,1
Iosoco,Plainfield Township Precinct 2,Straight Party,,UST,U.S. Taxpayers,3
Iosoco,Reno Township Precinct 1,Straight Party,,UST,U.S. Taxpayers,1
Iosoco,Sherman Township Precinct 1,Straight Party,,UST,U.S. Taxpayers,3
Iosoco,Tawas Township Precinct 1,Straight Party,,UST,U.S. Taxpayers,0
Iosoco,Whitney Township Precinct 1 (Out of County),Straight Party,,UST,U.S. Taxpayers,0
Iosoco,Wilber Township Precinct 1,Straight Party,,UST,U.S. Taxpayers,1
Iosoco,Total,Straight Party,,UST,U.S. Taxpayers,25
Iosoco,Alabaster Township Precinct 1,Straight Party,,WC,Working Class Party,0
Iosoco,AuSable Township Precinct 1,Straight Party,,WC,Working Class Party,3
Iosoco,Baldwin Township Precinct 1,Straight Party,,WC,Working Class Party,0
Iosoco,Burleigh Township Precinct 1,Straight Party,,WC,Working Class Party,0
Iosoco,City of East Tawas Precinct 1,Straight Party,,WC,Working Class Party,5
Iosoco,City of Tawas City Precinct 1,Straight Party,,WC,Working Class Party,3
Iosoco,City of Whittemore Precinct 1,Straight Party,,WC,Working Class Party,1
Iosoco,Curtis Township Precinct 1 (Out of County),Straight Party,,WC,Working Class Party,0
Iosoco,Grant Township Precinct 1,Straight Party,,WC,Working Class Party,1
Iosoco,Greenbush Township Precinct 1 (Out of County),Straight Party,,WC,Working Class Party,0
Iosoco,Hill Township Precinct 1 (Out of County),Straight Party,,WC,Working Class Party,0
Iosoco,Logan Township Precinct 1 (Out of County),Straight Party,,WC,Working Class Party,0
Iosoco,Mikado Township Precinct 1 (Out of County),Straight Party,,WC,Working Class Party,0
Iosoco,Oscoda Township Precinct 1,Straight Party,,WC,Working Class Party,3
Iosoco,Oscoda Township Precinct 2,Straight Party,,WC,Working Class Party,0
Iosoco,Oscoda Township Precinct 3,Straight Party,,WC,Working Class Party,4
Iosoco,Oscoda Township Precinct 4,Straight Party,,WC,Working Class Party,3
Iosoco,Plainfield Township Precinct 1,Straight Party,,WC,Working Class Party,4
Iosoco,Plainfield Township Precinct 2,Straight Party,,WC,Working Class Party,3
Iosoco,Reno Township Precinct 1,Straight Party,,WC,Working Class Party,2
Iosoco,Sherman Township Precinct 1,Straight Party,,WC,Working Class Party,1
Iosoco,Tawas Township Precinct 1,Straight Party,,WC,Working Class Party,2
Iosoco,Whitney Township Precinct 1 (Out of County),Straight Party,,WC,Working Class Party,0
Iosoco,Wilber Township Precinct 1,Straight Party,,WC,Working Class Party,2
Iosoco,Total,Straight Party,,WC,Working Class Party,37
Iosoco,Alabaster Township Precinct 1,Straight Party,,GRE,Green Party,0
Iosoco,AuSable Township Precinct 1,Straight Party,,GRE,Green Party,2
Iosoco,Baldwin Township Precinct 1,Straight Party,,GRE,Green Party,1
Iosoco,Burleigh Township Precinct 1,Straight Party,,GRE,Green Party,0
Iosoco,City of East Tawas Precinct 1,Straight Party,,GRE,Green Party,1
Iosoco,City of Tawas City Precinct 1,Straight Party,,GRE,Green Party,2
Iosoco,City of Whittemore Precinct 1,Straight Party,,GRE,Green Party,0
Iosoco,Curtis Township Precinct 1 (Out of County),Straight Party,,GRE,Green Party,0
Iosoco,Grant Township Precinct 1,Straight Party,,GRE,Green Party,0
Iosoco,Greenbush Township Precinct 1 (Out of County),Straight Party,,GRE,Green Party,0
Iosoco,Hill Township Precinct 1 (Out of County),Straight Party,,GRE,Green Party,0
Iosoco,Logan Township Precinct 1 (Out of County),Straight Party,,GRE,Green Party,0
Iosoco,Mikado Township Precinct 1 (Out of County),Straight Party,,GRE,Green Party,0
Iosoco,Oscoda Township Precinct 1,Straight Party,,GRE,Green Party,2
Iosoco,Oscoda Township Precinct 2,Straight Party,,GRE,Green Party,0
Iosoco,Oscoda Township Precinct 3,Straight Party,,GRE,Green Party,2
Iosoco,Oscoda Township Precinct 4,Straight Party,,GRE,Green Party,3
Iosoco,Plainfield Township Precinct 1,Straight Party,,GRE,Green Party,1
Iosoco,Plainfield Township Precinct 2,Straight Party,,GRE,Green Party,0
Iosoco,Reno Township Precinct 1,Straight Party,,GRE,Green Party,0
Iosoco,Sherman Township Precinct 1,Straight Party,,GRE,Green Party,0
Iosoco,Tawas Township Precinct 1,Straight Party,,GRE,Green Party,1
Iosoco,Whitney Township Precinct 1 (Out of County),Straight Party,,GRE,Green Party,0
Iosoco,Wilber Township Precinct 1,Straight Party,,GRE,Green Party,1
Iosoco,Total,Straight Party,,GRE,Green Party,16
Iosoco,Alabaster Township Precinct 1,Straight Party,,NAL,Natural Law Party,0
Iosoco,AuSable Township Precinct 1,Straight Party,,NAL,Natural Law Party,1
Iosoco,Baldwin Township Precinct 1,Straight Party,,NAL,Natural Law Party,0
Iosoco,Burleigh Township Precinct 1,Straight Party,,NAL,Natural Law Party,0
Iosoco,City of East Tawas Precinct 1,Straight Party,,NAL,Natural Law Party,3
Iosoco,City of Tawas City Precinct 1,Straight Party,,NAL,Natural Law Party,0
Iosoco,City of Whittemore Precinct 1,Straight Party,,NAL,Natural Law Party,0
Iosoco,Curtis Township Precinct 1 (Out of County),Straight Party,,NAL,Natural Law Party,0
Iosoco,Grant Township Precinct 1,Straight Party,,NAL,Natural Law Party,0
Iosoco,Greenbush Township Precinct 1 (Out of County),Straight Party,,NAL,Natural Law Party,0
Iosoco,Hill Township Precinct 1 (Out of County),Straight Party,,NAL,Natural Law Party,0
Iosoco,Logan Township Precinct 1 (Out of County),Straight Party,,NAL,Natural Law Party,0
Iosoco,Mikado Township Precinct 1 (Out of County),Straight Party,,NAL,Natural Law Party,0
Iosoco,Oscoda Township Precinct 1,Straight Party,,NAL,Natural Law Party,0
Iosoco,Oscoda Township Precinct 2,Straight Party,,NAL,Natural Law Party,0
Iosoco,Oscoda Township Precinct 3,Straight Party,,NAL,Natural Law Party,1
Iosoco,Oscoda Township Precinct 4,Straight Party,,NAL,Natural Law Party,0
Iosoco,Plainfield Township Precinct 1,Straight Party,,NAL,Natural Law Party,0
Iosoco,Plainfield Township Precinct 2,Straight Party,,NAL,Natural Law Party,0
Iosoco,Reno Township Precinct 1,Straight Party,,NAL,Natural Law Party,0
Iosoco,Sherman Township Precinct 1,Straight Party,,NAL,Natural Law Party,0
Iosoco,Tawas Township Precinct 1,Straight Party,,NAL,Natural Law Party,0
Iosoco,Whitney Township Precinct 1 (Out of County),Straight Party,,NAL,Natural Law Party,0
Iosoco,Wilber Township Precinct 1,Straight Party,,NAL,Natural Law Party,0
Iosoco,Total,Straight Party,,NAL,Natural Law Party,5
Iosoco,Alabaster Township Precinct 1,Governor,,DEM,Gretchen Whitmer,127
Iosoco,AuSable Township Precinct 1,Governor,,DEM,Gretchen Whitmer,422
Iosoco,Baldwin Township Precinct 1,Governor,,DEM,Gretchen Whitmer,366
Iosoco,Burleigh Township Precinct 1,Governor,,DEM,Gretchen Whitmer,106
Iosoco,City of East Tawas Precinct 1,Governor,,DEM,Gretchen Whitmer,615
Iosoco,City of Tawas City Precinct 1,Governor,,DEM,Gretchen Whitmer,354
Iosoco,City of Whittemore Precinct 1,Governor,,DEM,Gretchen Whitmer,53
Iosoco,Grant Township Precinct 1,Governor,,DEM,Gretchen Whitmer,318
Iosoco,Oscoda Township Precinct 1,Governor,,DEM,Gretchen Whitmer,517
Iosoco,Oscoda Township Precinct 2,Governor,,DEM,Gretchen Whitmer,149
Iosoco,Oscoda Township Precinct 3,Governor,,DEM,Gretchen Whitmer,397
Iosoco,Oscoda Township Precinct 4,Governor,,DEM,Gretchen Whitmer,428
Iosoco,Plainfield Township Precinct 1,Governor,,DEM,Gretchen Whitmer,271
Iosoco,Plainfield Township Precinct 2,Governor,,DEM,Gretchen Whitmer,494
Iosoco,Reno Township Precinct 1,Governor,,DEM,Gretchen Whitmer,108
Iosoco,Sherman Township Precinct 1,Governor,,DEM,Gretchen Whitmer,74
Iosoco,Tawas Township Precinct 1,Governor,,DEM,Gretchen Whitmer,289
Iosoco,Wilber Township Precinct 1,Governor,,DEM,Gretchen Whitmer,178
Iosoco,Total,Governor,,DEM,Gretchen Whitmer,5266
Iosoco,Alabaster Township Precinct 1,Governor,,REP,Tudor M. Dixon,184
Iosoco,AuSable Township Precinct 1,Governor,,REP,Tudor M. Dixon,542
Iosoco,Baldwin Township Precinct 1,Governor,,REP,Tudor M. Dixon,496
Iosoco,Burleigh Township Precinct 1,Governor,,REP,Tudor M. Dixon,172
Iosoco,City of East Tawas Precinct 1,Governor,,REP,Tudor M. Dixon,766
Iosoco,City of Tawas City Precinct 1,Governor,,REP,Tudor M. Dixon,422
Iosoco,City of Whittemore Precinct 1,Governor,,REP,Tudor M. Dixon,90
Iosoco,Grant Township Precinct 1,Governor,,REP,Tudor M. Dixon,480
Iosoco,Oscoda Township Precinct 1,Governor,,REP,Tudor M. Dixon,624
Iosoco,Oscoda Township Precinct 2,Governor,,REP,Tudor M. Dixon,239
Iosoco,Oscoda Township Precinct 3,Governor,,REP,Tudor M. Dixon,450
Iosoco,Oscoda Township Precinct 4,Governor,,REP,Tudor M. Dixon,427
Iosoco,Plainfield Township Precinct 1,Governor,,REP,Tudor M. Dixon,366
Iosoco,Plainfield Township Precinct 2,Governor,,REP,Tudor M. Dixon,690
Iosoco,Reno Township Precinct 1,Governor,,REP,Tudor M. Dixon,162
Iosoco,Sherman Township Precinct 1,Governor,,REP,Tudor M. Dixon,135
Iosoco,Tawas Township Precinct 1,Governor,,REP,Tudor M. Dixon,602
Iosoco,Wilber Township Precinct 1,Governor,,REP,Tudor M. Dixon,264
Iosoco,Total,Governor,,REP,Tudor M. Dixon,7111
Iosoco,Alabaster Township Precinct 1,Governor,,LIB,Mary Buzuma,2
Iosoco,AuSable Township Precinct 1,Governor,,LIB,Mary Buzuma,6
Iosoco,Baldwin Township Precinct 1,Governor,,LIB,Mary Buzuma,2
Iosoco,Burleigh Township Precinct 1,Governor,,LIB,Mary Buzuma,2
Iosoco,City of East Tawas Precinct 1,Governor,,LIB,Mary Buzuma,9
Iosoco,City of Tawas City Precinct 1,Governor,,LIB,Mary Buzuma,5
Iosoco,City of Whittemore Precinct 1,Governor,,LIB,Mary Buzuma,2
Iosoco,Grant Township Precinct 1,Governor,,LIB,Mary Buzuma,9
Iosoco,Oscoda Township Precinct 1,Governor,,LIB,Mary Buzuma,11
Iosoco,Oscoda Township Precinct 2,Governor,,LIB,Mary Buzuma,3
Iosoco,Oscoda Township Precinct 3,Governor,,LIB,Mary Buzuma,10
Iosoco,Oscoda Township Precinct 4,Governor,,LIB,Mary Buzuma,8
Iosoco,Plainfield Township Precinct 1,Governor,,LIB,Mary Buzuma,3
Iosoco,Plainfield Township Precinct 2,Governor,,LIB,Mary Buzuma,8
Iosoco,Reno Township Precinct 1,Governor,,LIB,Mary Buzuma,4
Iosoco,Sherman Township Precinct 1,Governor,,LIB,Mary Buzuma,1
Iosoco,Tawas Township Precinct 1,Governor,,LIB,Mary Buzuma,5
Iosoco,Wilber Township Precinct 1,Governor,,LIB,Mary Buzuma,5
Iosoco,Total,Governor,,LIB,Mary Buzuma,95
Iosoco,Alabaster Township Precinct 1,Governor,,UST,Donna Brandenburg,2
Iosoco,AuSable Township Precinct 1,Governor,,UST,Donna Brandenburg,5
Iosoco,Baldwin Township Precinct 1,Governor,,UST,Donna Brandenburg,1
Iosoco,Burleigh Township Precinct 1,Governor,,UST,Donna Brandenburg,2
Iosoco,City of East Tawas Precinct 1,Governor,,UST,Donna Brandenburg,7
Iosoco,City of Tawas City Precinct 1,Governor,,UST,Donna Brandenburg,6
Iosoco,City of Whittemore Precinct 1,Governor,,UST,Donna Brandenburg,1
Iosoco,Grant Township Precinct 1,Governor,,UST,Donna Brandenburg,5
Iosoco,Oscoda Township Precinct 1,Governor,,UST,Donna Brandenburg,5
Iosoco,Oscoda Township Precinct 2,Governor,,UST,Donna Brandenburg,3
Iosoco,Oscoda Township Precinct 3,Governor,,UST,Donna Brandenburg,2
Iosoco,Oscoda Township Precinct 4,Governor,,UST,Donna Brandenburg,3
Iosoco,Plainfield Township Precinct 1,Governor,,UST,Donna Brandenburg,3
Iosoco,Plainfield Township Precinct 2,Governor,,UST,Donna Brandenburg,13
Iosoco,Reno Township Precinct 1,Governor,,UST,Donna Brandenburg,3
Iosoco,Sherman Township Precinct 1,Governor,,UST,Donna Brandenburg,1
Iosoco,Tawas Township Precinct 1,Governor,,UST,Donna Brandenburg,4
Iosoco,Wilber Township Precinct 1,Governor,,UST,Donna Brandenburg,3
Iosoco,Total,Governor,,UST,Donna Brandenburg,69
Iosoco,Alabaster Township Precinct 1,Governor,,GRE,Kevin Hogan,1
Iosoco,AuSable Township Precinct 1,Governor,,GRE,Kevin Hogan,3
Iosoco,Baldwin Township Precinct 1,Governor,,GRE,Kevin Hogan,4
Iosoco,Burleigh Township Precinct 1,Governor,,GRE,Kevin Hogan,1
Iosoco,City of East Tawas Precinct 1,Governor,,GRE,Kevin Hogan,1
Iosoco,City of Tawas City Precinct 1,Governor,,GRE,Kevin Hogan,8
Iosoco,City of Whittemore Precinct 1,Governor,,GRE,Kevin Hogan,0
Iosoco,Grant Township Precinct 1,Governor,,GRE,Kevin Hogan,2
Iosoco,Oscoda Township Precinct 1,Governor,,GRE,Kevin Hogan,4
Iosoco,Oscoda Township Precinct 2,Governor,,GRE,Kevin Hogan,0
Iosoco,Oscoda Township Precinct 3,Governor,,GRE,Kevin Hogan,4
Iosoco,Oscoda Township Precinct 4,Governor,,GRE,Kevin Hogan,6
Iosoco,Plainfield Township Precinct 1,Governor,,GRE,Kevin Hogan,5
Iosoco,Plainfield Township Precinct 2,Governor,,GRE,Kevin Hogan,6
Iosoco,Reno Township Precinct 1,Governor,,GRE,Kevin Hogan,2
Iosoco,Sherman Township Precinct 1,Governor,,GRE,Kevin Hogan,1
Iosoco,Tawas Township Precinct 1,Governor,,GRE,Kevin Hogan,5
Iosoco,Wilber Township Precinct 1,Governor,,GRE,Kevin Hogan,1
Iosoco,Total,Governor,,GRE,Kevin Hogan,54
Iosoco,Alabaster Township Precinct 1,Governor,,NAL,Daryl M. Simpson,1
Iosoco,AuSable Township Precinct 1,Governor,,NAL,Daryl M. Simpson,1
Iosoco,Baldwin Township Precinct 1,Governor,,NAL,Daryl M. Simpson,5
Iosoco,Burleigh Township Precinct 1,Governor,,NAL,Daryl M. Simpson,0
Iosoco,City of East Tawas Precinct 1,Governor,,NAL,Daryl M. Simpson,7
Iosoco,City of Tawas City Precinct 1,Governor,,NAL,Daryl M. Simpson,2
Iosoco,City of Whittemore Precinct 1,Governor,,NAL,Daryl M. Simpson,2
Iosoco,Grant Township Precinct 1,Governor,,NAL,Daryl M. Simpson,0
Iosoco,Oscoda Township Precinct 1,Governor,,NAL,Daryl M. Simpson,2
Iosoco,Oscoda Township Precinct 2,Governor,,NAL,Daryl M. Simpson,1
Iosoco,Oscoda Township Precinct 3,Governor,,NAL,Daryl M. Simpson,2
Iosoco,Oscoda Township Precinct 4,Governor,,NAL,Daryl M. Simpson,3
Iosoco,Plainfield Township Precinct 1,Governor,,NAL,Daryl M. Simpson,0
Iosoco,Plainfield Township Precinct 2,Governor,,NAL,Daryl M. Simpson,2
Iosoco,Reno Township Precinct 1,Governor,,NAL,Daryl M. Simpson,1
Iosoco,Sherman Township Precinct 1,Governor,,NAL,Daryl M. Simpson,1
Iosoco,Tawas Township Precinct 1,Governor,,NAL,Daryl M. Simpson,3
Iosoco,Wilber Township Precinct 1,Governor,,NAL,Daryl M. Simpson,3
Iosoco,Total,Governor,,NAL,Daryl M. Simpson,36
Iosoco,Alabaster Township Precinct 1,Governor,,Write-in,Write-in,0
Iosoco,AuSable Township Precinct 1,Governor,,Write-in,Write-in,0
Iosoco,Baldwin Township Precinct 1,Governor,,Write-in,Write-in,0
Iosoco,Burleigh Township Precinct 1,Governor,,Write-in,Write-in,1
Iosoco,City of East Tawas Precinct 1,Governor,,Write-in,Write-in,4
Iosoco,City of Tawas City Precinct 1,Governor,,Write-in,Write-in,3
Iosoco,City of Whittemore Precinct 1,Governor,,Write-in,Write-in,0
Iosoco,Grant Township Precinct 1,Governor,,Write-in,Write-in,1
Iosoco,Oscoda Township Precinct 1,Governor,,Write-in,Write-in,1
Iosoco,Oscoda Township Precinct 2,Governor,,Write-in,Write-in,0
Iosoco,Oscoda Township Precinct 3,Governor,,Write-in,Write-in,0
Iosoco,Oscoda Township Precinct 4,Governor,,Write-in,Write-in,0
Iosoco,Plainfield Township Precinct 1,Governor,,Write-in,Write-in,1
Iosoco,Plainfield Township Precinct 2,Governor,,Write-in,Write-in,1
Iosoco,Reno Township Precinct 1,Governor,,Write-in,Write-in,0
Iosoco,Sherman Township Precinct 1,Governor,,Write-in,Write-in,1
Iosoco,Tawas Township Precinct 1,Governor,,Write-in,Write-in,0
Iosoco,Wilber Township Precinct 1,Governor,,Write-in,Write-in,0
Iosoco,Total,Governor,,Write-in,Write-in,13
Iosoco,Alabaster Township Precinct 1,Secretary of State,,DEM,Jocelyn Benson,122
Iosoco,AuSable Township Precinct 1,Secretary of State,,DEM,Jocelyn Benson,428
Iosoco,Baldwin Township Precinct 1,Secretary of State,,DEM,Jocelyn Benson,385
Iosoco,Burleigh Township Precinct 1,Secretary of State,,DEM,Jocelyn Benson,108
Iosoco,City of East Tawas Precinct 1,Secretary of State,,DEM,Jocelyn Benson,649
Iosoco,City of Tawas City Precinct 1,Secretary of State,,DEM,Jocelyn Benson,358
Iosoco,City of Whittemore Precinct 1,Secretary of State,,DEM,Jocelyn Benson,52
Iosoco,Grant Township Precinct 1,Secretary of State,,DEM,Jocelyn Benson,344
Iosoco,Oscoda Township Precinct 1,Secretary of State,,DEM,Jocelyn Benson,512
Iosoco,Oscoda Township Precinct 2,Secretary of State,,DEM,Jocelyn Benson,155
Iosoco,Oscoda Township Precinct 3,Secretary of State,,DEM,Jocelyn Benson,381
Iosoco,Oscoda Township Precinct 4,Secretary of State,,DEM,Jocelyn Benson,418
Iosoco,Plainfield Township Precinct 1,Secretary of State,,DEM,Jocelyn Benson,269
Iosoco,Plainfield Township Precinct 2,Secretary of State,,DEM,Jocelyn Benson,520
Iosoco,Reno Township Precinct 1,Secretary of State,,DEM,Jocelyn Benson,109
Iosoco,Sherman Township Precinct 1,Secretary of State,,DEM,Jocelyn Benson,74
Iosoco,Tawas Township Precinct 1,Secretary of State,,DEM,Jocelyn Benson,297
Iosoco,Wilber Township Precinct 1,Secretary of State,,DEM,Jocelyn Benson,184
Iosoco,Total,Secretary of State,,DEM,Jocelyn Benson,5365
Iosoco,Alabaster Township Precinct 1,Secretary of State,,REP,Kristina Elaine Karamo,184
Iosoco,AuSable Township Precinct 1,Secretary of State,,REP,Kristina Elaine Karamo,525
Iosoco,Baldwin Township Precinct 1,Secretary of State,,REP,Kristina Elaine Karamo,473
Iosoco,Burleigh Township Precinct 1,Secretary of State,,REP,Kristina Elaine Karamo,167
Iosoco,City of East Tawas Precinct 1,Secretary of State,,REP,Kristina Elaine Karamo,721
Iosoco,City of Tawas City Precinct 1,Secretary of State,,REP,Kristina Elaine Karamo,418
Iosoco,City of Whittemore Precinct 1,Secretary of State,,REP,Kristina Elaine Karamo,86
Iosoco,Grant Township Precinct 1,Secretary of State,,REP,Kristina Elaine Karamo,445
Iosoco,Oscoda Township Precinct 1,Secretary of State,,REP,Kristina Elaine Karamo,606
Iosoco,Oscoda Township Precinct 2,Secretary of State,,REP,Kristina Elaine Karamo,223
Iosoco,Oscoda Township Precinct 3,Secretary of State,,REP,Kristina Elaine Karamo,446
Iosoco,Oscoda Township Precinct 4,Secretary of State,,REP,Kristina Elaine Karamo,422
Iosoco,Plainfield Township Precinct 1,Secretary of State,,REP,Kristina Elaine Karamo,355
Iosoco,Plainfield Township Precinct 2,Secretary of State,,REP,Kristina Elaine Karamo,664
Iosoco,Reno Township Precinct 1,Secretary of State,,REP,Kristina Elaine Karamo,160
Iosoco,Sherman Township Precinct 1,Secretary of State,,REP,Kristina Elaine Karamo,131
Iosoco,Tawas Township Precinct 1,Secretary of State,,REP,Kristina Elaine Karamo,584
Iosoco,Wilber Township Precinct 1,Secretary of State,,REP,Kristina Elaine Karamo,254
Iosoco,Total,Secretary of State,,REP,Kristina Elaine Karamo,6864
Iosoco,Alabaster Township Precinct 1,Secretary of State,,LIB,Gregory Scott Stempfle,5
Iosoco,AuSable Township Precinct 1,Secretary of State,,LIB,Gregory Scott Stempfle,12
Iosoco,Baldwin Township Precinct 1,Secretary of State,,LIB,Gregory Scott Stempfle,4
Iosoco,Burleigh Township Precinct 1,Secretary of State,,LIB,Gregory Scott Stempfle,3
Iosoco,City of East Tawas Precinct 1,Secretary of State,,LIB,Gregory Scott Stempfle,11
Iosoco,City of Tawas City Precinct 1,Secretary of State,,LIB,Gregory Scott Stempfle,9
Iosoco,City of Whittemore Precinct 1,Secretary of State,,LIB,Gregory Scott Stempfle,2
Iosoco,Grant Township Precinct 1,Secretary of State,,LIB,Gregory Scott Stempfle,10
Iosoco,Oscoda Township Precinct 1,Secretary of State,,LIB,Gregory Scott Stempfle,20
Iosoco,Oscoda Township Precinct 2,Secretary of State,,LIB,Gregory Scott Stempfle,9
Iosoco,Oscoda Township Precinct 3,Secretary of State,,LIB,Gregory Scott Stempfle,13
Iosoco,Oscoda Township Precinct 4,Secretary of State,,LIB,Gregory Scott Stempfle,10
Iosoco,Plainfield Township Precinct 1,Secretary of State,,LIB,Gregory Scott Stempfle,7
Iosoco,Plainfield Township Precinct 2,Secretary of State,,LIB,Gregory Scott Stempfle,12
Iosoco,Reno Township Precinct 1,Secretary of State,,LIB,Gregory Scott Stempfle,4
Iosoco,Sherman Township Precinct 1,Secretary of State,,LIB,Gregory Scott Stempfle,0
Iosoco,Tawas Township Precinct 1,Secretary of State,,LIB,Gregory Scott Stempfle,10
Iosoco,Wilber Township Precinct 1,Secretary of State,,LIB,Gregory Scott Stempfle,9
Iosoco,Total,Secretary of State,,LIB,Gregory Scott Stempfle,150
Iosoco,Alabaster Township Precinct 1,Secretary of State,,UST,Christine C. Schwartz,2
Iosoco,AuSable Township Precinct 1,Secretary of State,,UST,Christine C. Schwartz,7
Iosoco,Baldwin Township Precinct 1,Secretary of State,,UST,Christine C. Schwartz,6
Iosoco,Burleigh Township Precinct 1,Secretary of State,,UST,Christine C. Schwartz,2
Iosoco,City of East Tawas Precinct 1,Secretary of State,,UST,Christine C. Schwartz,10
Iosoco,City of Tawas City Precinct 1,Secretary of State,,UST,Christine C. Schwartz,6
Iosoco,City of Whittemore Precinct 1,Secretary of State,,UST,Christine C. Schwartz,5
Iosoco,Grant Township Precinct 1,Secretary of State,,UST,Christine C. Schwartz,9
Iosoco,Oscoda Township Precinct 1,Secretary of State,,UST,Christine C. Schwartz,11
Iosoco,Oscoda Township Precinct 2,Secretary of State,,UST,Christine C. Schwartz,5
Iosoco,Oscoda Township Precinct 3,Secretary of State,,UST,Christine C. Schwartz,9
Iosoco,Oscoda Township Precinct 4,Secretary of State,,UST,Christine C. Schwartz,10
Iosoco,Plainfield Township Precinct 1,Secretary of State,,UST,Christine C. Schwartz,8
Iosoco,Plainfield Township Precinct 2,Secretary of State,,UST,Christine C. Schwartz,11
Iosoco,Reno Township Precinct 1,Secretary of State,,UST,Christine C. Schwartz,3
Iosoco,Sherman Township Precinct 1,Secretary of State,,UST,Christine C. Schwartz,4
Iosoco,Tawas Township Precinct 1,Secretary of State,,UST,Christine C. Schwartz,4
Iosoco,Wilber Township Precinct 1,Secretary of State,,UST,Christine C. Schwartz,5
Iosoco,Total,Secretary of State,,UST,Christine C. Schwartz,117
Iosoco,Alabaster Township Precinct 1,Secretary of State,,GRE,Larry James Hutchinson Jr.,1
Iosoco,AuSable Township Precinct 1,Secretary of State,,GRE,Larry James Hutchinson Jr.,1
Iosoco,Baldwin Township Precinct 1,Secretary of State,,GRE,Larry James Hutchinson Jr.,2
Iosoco,Burleigh Township Precinct 1,Secretary of State,,GRE,Larry James Hutchinson Jr.,3
Iosoco,City of East Tawas Precinct 1,Secretary of State,,GRE,Larry James Hutchinson Jr.,7
Iosoco,City of Tawas City Precinct 1,Secretary of State,,GRE,Larry James Hutchinson Jr.,5
Iosoco,City of Whittemore Precinct 1,Secretary of State,,GRE,Larry James Hutchinson Jr.,0
Iosoco,Grant Township Precinct 1,Secretary of State,,GRE,Larry James Hutchinson Jr.,1
Iosoco,Oscoda Township Precinct 1,Secretary of State,,GRE,Larry James Hutchinson Jr.,3
Iosoco,Oscoda Township Precinct 2,Secretary of State,,GRE,Larry James Hutchinson Jr.,1
Iosoco,Oscoda Township Precinct 3,Secretary of State,,GRE,Larry James Hutchinson Jr.,7
Iosoco,Oscoda Township Precinct 4,Secretary of State,,GRE,Larry James Hutchinson Jr.,8
Iosoco,Plainfield Township Precinct 1,Secretary of State,,GRE,Larry James Hutchinson Jr.,2
Iosoco,Plainfield Township Precinct 2,Secretary of State,,GRE,Larry James Hutchinson Jr.,4
Iosoco,Reno Township Precinct 1,Secretary of State,,GRE,Larry James Hutchinson Jr.,2
Iosoco,Sherman Township Precinct 1,Secretary of State,,GRE,Larry James Hutchinson Jr.,1
Iosoco,Tawas Township Precinct 1,Secretary of State,,GRE,Larry James Hutchinson Jr.,3
Iosoco,Wilber Township Precinct 1,Secretary of State,,GRE,Larry James Hutchinson Jr.,4
Iosoco,Total,Secretary of State,,GRE,Larry James Hutchinson Jr.,55
Iosoco,Alabaster Township Precinct 1,Secretary of State,,Write-in,Write-in,2
Iosoco,AuSable Township Precinct 1,Secretary of State,,Write-in,Write-in,1
Iosoco,Baldwin Township Precinct 1,Secretary of State,,Write-in,Write-in,0
Iosoco,Burleigh Township Precinct 1,Secretary of State,,Write-in,Write-in,0
Iosoco,City of East Tawas Precinct 1,Secretary of State,,Write-in,Write-in,2
Iosoco,City of Tawas City Precinct 1,Secretary of State,,Write-in,Write-in,0
Iosoco,City of Whittemore Precinct 1,Secretary of State,,Write-in,Write-in,0
Iosoco,Grant Township Precinct 1,Secretary of State,,Write-in,Write-in,2
Iosoco,Oscoda Township Precinct 1,Secretary of State,,Write-in,Write-in,0
Iosoco,Oscoda Township Precinct 2,Secretary of State,,Write-in,Write-in,0
Iosoco,Oscoda Township Precinct 3,Secretary of State,,Write-in,Write-in,0
Iosoco,Oscoda Township Precinct 4,Secretary of State,,Write-in,Write-in,1
Iosoco,Plainfield Township Precinct 1,Secretary of State,,Write-in,Write-in,0
Iosoco,Plainfield Township Precinct 2,Secretary of State,,Write-in,Write-in,0
Iosoco,Reno Township Precinct 1,Secretary of State,,Write-in,Write-in,0
Iosoco,Sherman Township Precinct 1,Secretary of State,,Write-in,Write-in,1
Iosoco,Tawas Township Precinct 1,Secretary of State,,Write-in,Write-in,0
Iosoco,Wilber Township Precinct 1,Secretary of State,,Write-in,Write-in,0
Iosoco,Total,Secretary of State,,Write-in,Write-in,9
Iosoco,Alabaster Township Precinct 1,Attorney General,,DEM,Dana Nessel,116
Iosoco,AuSable Township Precinct 1,Attorney General,,DEM,Dana Nessel,404
Iosoco,Baldwin Township Precinct 1,Attorney General,,DEM,Dana Nessel,351
Iosoco,Burleigh Township Precinct 1,Attorney General,,DEM,Dana Nessel,105
Iosoco,City of East Tawas Precinct 1,Attorney General,,DEM,Dana Nessel,584
Iosoco,City of Tawas City Precinct 1,Attorney General,,DEM,Dana Nessel,334
Iosoco,City of Whittemore Precinct 1,Attorney General,,DEM,Dana Nessel,51
Iosoco,Grant Township Precinct 1,Attorney General,,DEM,Dana Nessel,307
Iosoco,Oscoda Township Precinct 1,Attorney General,,DEM,Dana Nessel,486
Iosoco,Oscoda Township Precinct 2,Attorney General,,DEM,Dana Nessel,139
Iosoco,Oscoda Township Precinct 3,Attorney General,,DEM,Dana Nessel,358
Iosoco,Oscoda Township Precinct 4,Attorney General,,DEM,Dana Nessel,391
Iosoco,Plainfield Township Precinct 1,Attorney General,,DEM,Dana Nessel,240
Iosoco,Plainfield Township Precinct 2,Attorney General,,DEM,Dana Nessel,467
Iosoco,Reno Township Precinct 1,Attorney General,,DEM,Dana Nessel,107
Iosoco,Sherman Township Precinct 1,Attorney General,,DEM,Dana Nessel,67
Iosoco,Tawas Township Precinct 1,Attorney General,,DEM,Dana Nessel,275
Iosoco,Wilber Township Precinct 1,Attorney General,,DEM,Dana Nessel,168
Iosoco,Total,Attorney General,,DEM,Dana Nessel,4950
Iosoco,Alabaster Township Precinct 1,Attorney General,,REP,Matthew DePerno,190
Iosoco,AuSable Township Precinct 1,Attorney General,,REP,Matthew DePerno,548
Iosoco,Baldwin Township Precinct 1,Attorney General,,REP,Matthew DePerno,502
Iosoco,Burleigh Township Precinct 1,Attorney General,,REP,Matthew DePerno,171
Iosoco,City of East Tawas Precinct 1,Attorney General,,REP,Matthew DePerno,779
Iosoco,City of Tawas City Precinct 1,Attorney General,,REP,Matthew DePerno,440
Iosoco,City of Whittemore Precinct 1,Attorney General,,REP,Matthew DePerno,91
Iosoco,Grant Township Precinct 1,Attorney General,,REP,Matthew DePerno,484
Iosoco,Oscoda Township Precinct 1,Attorney General,,REP,Matthew DePerno,634
Iosoco,Oscoda Township Precinct 2,Attorney General,,REP,Matthew DePerno,240
Iosoco,Oscoda Township Precinct 3,Attorney General,,REP,Matthew DePerno,463
Iosoco,Oscoda Township Precinct 4,Attorney General,,REP,Matthew DePerno,445
Iosoco,Plainfield Township Precinct 1,Attorney General,,REP,Matthew DePerno,376
Iosoco,Plainfield Township Precinct 2,Attorney General,,REP,Matthew DePerno,711
Iosoco,Reno Township Precinct 1,Attorney General,,REP,Matthew DePerno,162
Iosoco,Sherman Township Precinct 1,Attorney General,,REP,Matthew DePerno,139
Iosoco,Tawas Township Precinct 1,Attorney General,,REP,Matthew DePerno,613
Iosoco,Wilber Township Precinct 1,Attorney General,,REP,Matthew DePerno,275
Iosoco,Total,Attorney General,,REP,Matthew DePerno,7263
Iosoco,Alabaster Township Precinct 1,Attorney General,,LIB,Joseph W. McHugh Jr.,5
Iosoco,AuSable Township Precinct 1,Attorney General,,LIB,Joseph W. McHugh Jr.,8
Iosoco,Baldwin Township Precinct 1,Attorney General,,LIB,Joseph W. McHugh Jr.,4
Iosoco,Burleigh Township Precinct 1,Attorney General,,LIB,Joseph W. McHugh Jr.,4
Iosoco,City of East Tawas Precinct 1,Attorney General,,LIB,Joseph W. McHugh Jr.,18
Iosoco,City of Tawas City Precinct 1,Attorney General,,LIB,Joseph W. McHugh Jr.,8
Iosoco,City of Whittemore Precinct 1,Attorney General,,LIB,Joseph W. McHugh Jr.,4
Iosoco,Grant Township Precinct 1,Attorney General,,LIB,Joseph W. McHugh Jr.,13
Iosoco,Oscoda Township Precinct 1,Attorney General,,LIB,Joseph W. McHugh Jr.,15
Iosoco,Oscoda Township Precinct 2,Attorney General,,LIB,Joseph W. McHugh Jr.,9
Iosoco,Oscoda Township Precinct 3,Attorney General,,LIB,Joseph W. McHugh Jr.,15
Iosoco,Oscoda Township Precinct 4,Attorney General,,LIB,Joseph W. McHugh Jr.,16
Iosoco,Plainfield Township Precinct 1,Attorney General,,LIB,Joseph W. McHugh Jr.,14
Iosoco,Plainfield Township Precinct 2,Attorney General,,LIB,Joseph W. McHugh Jr.,10
Iosoco,Reno Township Precinct 1,Attorney General,,LIB,Joseph W. McHugh Jr.,3
Iosoco,Sherman Township Precinct 1,Attorney General,,LIB,Joseph W. McHugh Jr.,3
Iosoco,Tawas Township Precinct 1,Attorney General,,LIB,Joseph W. McHugh Jr.,9
Iosoco,Wilber Township Precinct 1,Attorney General,,LIB,Joseph W. McHugh Jr.,8
Iosoco,Total,Attorney General,,LIB,Joseph W. McHugh Jr.,166
Iosoco,Alabaster Township Precinct 1,Attorney General,,UST,Gerald T. Van Sickle,2
Iosoco,AuSable Township Precinct 1,Attorney General,,UST,Gerald T. Van Sickle,9
Iosoco,Baldwin Township Precinct 1,Attorney General,,UST,Gerald T. Van Sickle,5
Iosoco,Burleigh Township Precinct 1,Attorney General,,UST,Gerald T. Van Sickle,4
Iosoco,City of East Tawas Precinct 1,Attorney General,,UST,Gerald T. Van Sickle,11
Iosoco,City of Tawas City Precinct 1,Attorney General,,UST,Gerald T. Van Sickle,11
Iosoco,City of Whittemore Precinct 1,Attorney General,,UST,Gerald T. Van Sickle,0
Iosoco,Grant Township Precinct 1,Attorney General,,UST,Gerald T. Van Sickle,6
Iosoco,Oscoda Township Precinct 1,Attorney General,,UST,Gerald T. Van Sickle,12
Iosoco,Oscoda Township Precinct 2,Attorney General,,UST,Gerald T. Van Sickle,4
Iosoco,Oscoda Township Precinct 3,Attorney General,,UST,Gerald T. Van Sickle,8
Iosoco,Oscoda Township Precinct 4,Attorney General,,UST,Gerald T. Van Sickle,10
Iosoco,Plainfield Township Precinct 1,Attorney General,,UST,Gerald T. Van Sickle,10
Iosoco,Plainfield Township Precinct 2,Attorney General,,UST,Gerald T. Van Sickle,9
Iosoco,Reno Township Precinct 1,Attorney General,,UST,Gerald T. Van Sickle,6
Iosoco,Sherman Township Precinct 1,Attorney General,,UST,Gerald T. Van Sickle,1
Iosoco,Tawas Township Precinct 1,Attorney General,,UST,Gerald T. Van Sickle,4
Iosoco,Wilber Township Precinct 1,Attorney General,,UST,Gerald T. Van Sickle,4
Iosoco,Total,Attorney General,,UST,Gerald T. Van Sickle,116
Iosoco,Alabaster Township Precinct 1,Attorney General,,Write-in,Write-in,2
Iosoco,AuSable Township Precinct 1,Attorney General,,Write-in,Write-in,1
Iosoco,Baldwin Township Precinct 1,Attorney General,,Write-in,Write-in,1
Iosoco,Burleigh Township Precinct 1,Attorney General,,Write-in,Write-in,0
Iosoco,City of East Tawas Precinct 1,Attorney General,,Write-in,Write-in,4
Iosoco,City of Tawas City Precinct 1,Attorney General,,Write-in,Write-in,1
Iosoco,City of Whittemore Precinct 1,Attorney General,,Write-in,Write-in,0
Iosoco,Grant Township Precinct 1,Attorney General,,Write-in,Write-in,1
Iosoco,Oscoda Township Precinct 1,Attorney General,,Write-in,Write-in,0
Iosoco,Oscoda Township Precinct 2,Attorney General,,Write-in,Write-in,0
Iosoco,Oscoda Township Precinct 3,Attorney General,,Write-in,Write-in,0
Iosoco,Oscoda Township Precinct 4,Attorney General,,Write-in,Write-in,0
Iosoco,Plainfield Township Precinct 1,Attorney General,,Write-in,Write-in,0
Iosoco,Plainfield Township Precinct 2,Attorney General,,Write-in,Write-in,0
Iosoco,Reno Township Precinct 1,Attorney General,,Write-in,Write-in,0
Iosoco,Sherman Township Precinct 1,Attorney General,,Write-in,Write-in,0
Iosoco,Tawas Township Precinct 1,Attorney General,,Write-in,Write-in,0
Iosoco,Wilber Township Precinct 1,Attorney General,,Write-in,Write-in,0
Iosoco,Total,Attorney General,,Write-in,Write-in,10
Iosoco,Alabaster Township Precinct 1,U.S.House,1,DEM,Bob Lorinser,91
Iosoco,AuSable Township Precinct 1,U.S.House,1,DEM,Bob Lorinser,362
Iosoco,Baldwin Township Precinct 1,U.S.House,1,DEM,Bob Lorinser,317
Iosoco,Burleigh Township Precinct 1,U.S.House,1,DEM,Bob Lorinser,86
Iosoco,City of East Tawas Precinct 1,U.S.House,1,DEM,Bob Lorinser,500
Iosoco,City of Tawas City Precinct 1,U.S.House,1,DEM,Bob Lorinser,278
Iosoco,City of Whittemore Precinct 1,U.S.House,1,DEM,Bob Lorinser,40
Iosoco,Grant Township Precinct 1,U.S.House,1,DEM,Bob Lorinser,256
Iosoco,Oscoda Township Precinct 1,U.S.House,1,DEM,Bob Lorinser,436
Iosoco,Oscoda Township Precinct 2,U.S.House,1,DEM,Bob Lorinser,129
Iosoco,Oscoda Township Precinct 3,U.S.House,1,DEM,Bob Lorinser,316
Iosoco,Oscoda Township Precinct 4,U.S.House,1,DEM,Bob Lorinser,353
Iosoco,Plainfield Township Precinct 1,U.S.House,1,DEM,Bob Lorinser,208
Iosoco,Plainfield Township Precinct 2,U.S.House,1,DEM,Bob Lorinser,397
Iosoco,Reno Township Precinct 1,U.S.House,1,DEM,Bob Lorinser,85
Iosoco,Sherman Township Precinct 1,U.S.House,1,DEM,Bob Lorinser,58
Iosoco,Tawas Township Precinct 1,U.S.House,1,DEM,Bob Lorinser,230
Iosoco,Wilber Township Precinct 1,U.S.House,1,DEM,Bob Lorinser,137
Iosoco,Total,U.S.House,1,DEM,Bob Lorinser,4279
Iosoco,Alabaster Township Precinct 1,U.S.House,1,REP,Jack Bergman,214
Iosoco,AuSable Township Precinct 1,U.S.House,1,REP,Jack Bergman,572
Iosoco,Baldwin Township Precinct 1,U.S.House,1,REP,Jack Bergman,524
Iosoco,Burleigh Township Precinct 1,U.S.House,1,REP,Jack Bergman,183
Iosoco,City of East Tawas Precinct 1,U.S.House,1,REP,Jack Bergman,836
Iosoco,City of Tawas City Precinct 1,U.S.House,1,REP,Jack Bergman,467
Iosoco,City of Whittemore Precinct 1,U.S.House,1,REP,Jack Bergman,93
Iosoco,Grant Township Precinct 1,U.S.House,1,REP,Jack Bergman,513
Iosoco,Oscoda Township Precinct 1,U.S.House,1,REP,Jack Bergman,679
Iosoco,Oscoda Township Precinct 2,U.S.House,1,REP,Jack Bergman,242
Iosoco,Oscoda Township Precinct 3,U.S.House,1,REP,Jack Bergman,506
Iosoco,Oscoda Township Precinct 4,U.S.House,1,REP,Jack Bergman,470
Iosoco,Plainfield Township Precinct 1,U.S.House,1,REP,Jack Bergman,401
Iosoco,Plainfield Township Precinct 2,U.S.House,1,REP,Jack Bergman,747
Iosoco,Reno Township Precinct 1,U.S.House,1,REP,Jack Bergman,175
Iosoco,Sherman Township Precinct 1,U.S.House,1,REP,Jack Bergman,146
Iosoco,Tawas Township Precinct 1,U.S.House,1,REP,Jack Bergman,638
Iosoco,Wilber Township Precinct 1,U.S.House,1,REP,Jack Bergman,297
Iosoco,Total,U.S.House,1,REP,Jack Bergman,7703
Iosoco,Alabaster Township Precinct 1,U.S.House,1,LIB,Andrew Gale,1
Iosoco,AuSable Township Precinct 1,U.S.House,1,LIB,Andrew Gale,8
Iosoco,Baldwin Township Precinct 1,U.S.House,1,LIB,Andrew Gale,2
Iosoco,Burleigh Township Precinct 1,U.S.House,1,LIB,Andrew Gale,4
Iosoco,City of East Tawas Precinct 1,U.S.House,1,LIB,Andrew Gale,13
Iosoco,City of Tawas City Precinct 1,U.S.House,1,LIB,Andrew Gale,13
Iosoco,City of Whittemore Precinct 1,U.S.House,1,LIB,Andrew Gale,1
Iosoco,Grant Township Precinct 1,U.S.House,1,LIB,Andrew Gale,16
Iosoco,Oscoda Township Precinct 1,U.S.House,1,LIB,Andrew Gale,11
Iosoco,Oscoda Township Precinct 2,U.S.House,1,LIB,Andrew Gale,8
Iosoco,Oscoda Township Precinct 3,U.S.House,1,LIB,Andrew Gale,14
Iosoco,Oscoda Township Precinct 4,U.S.House,1,LIB,Andrew Gale,11
Iosoco,Plainfield Township Precinct 1,U.S.House,1,LIB,Andrew Gale,9
Iosoco,Plainfield Township Precinct 2,U.S.House,1,LIB,Andrew Gale,12
Iosoco,Reno Township Precinct 1,U.S.House,1,LIB,Andrew Gale,2
Iosoco,Sherman Township Precinct 1,U.S.House,1,LIB,Andrew Gale,3
Iosoco,Tawas Township Precinct 1,U.S.House,1,LIB,Andrew Gale,7
Iosoco,Wilber Township Precinct 1,U.S.House,1,LIB,Andrew Gale,9
Iosoco,Total,U.S.House,1,LIB,Andrew Gale,144
Iosoco,Alabaster Township Precinct 1,U.S.House,1,UST,Liz Hakola,3
Iosoco,AuSable Township Precinct 1,U.S.House,1,UST,Liz Hakola,17
Iosoco,Baldwin Township Precinct 1,U.S.House,1,UST,Liz Hakola,10
Iosoco,Burleigh Township Precinct 1,U.S.House,1,UST,Liz Hakola,3
Iosoco,City of East Tawas Precinct 1,U.S.House,1,UST,Liz Hakola,28
Iosoco,City of Tawas City Precinct 1,U.S.House,1,UST,Liz Hakola,24
Iosoco,City of Whittemore Precinct 1,U.S.House,1,UST,Liz Hakola,8
Iosoco,Grant Township Precinct 1,U.S.House,1,UST,Liz Hakola,14
Iosoco,Oscoda Township Precinct 1,U.S.House,1,UST,Liz Hakola,17
Iosoco,Oscoda Township Precinct 2,U.S.House,1,UST,Liz Hakola,12
Iosoco,Oscoda Township Precinct 3,U.S.House,1,UST,Liz Hakola,10
Iosoco,Oscoda Township Precinct 4,U.S.House,1,UST,Liz Hakola,17
Iosoco,Plainfield Township Precinct 1,U.S.House,1,UST,Liz Hakola,10
Iosoco,Plainfield Township Precinct 2,U.S.House,1,UST,Liz Hakola,26
Iosoco,Reno Township Precinct 1,U.S.House,1,UST,Liz Hakola,10
Iosoco,Sherman Township Precinct 1,U.S.House,1,UST,Liz Hakola,1
Iosoco,Tawas Township Precinct 1,U.S.House,1,UST,Liz Hakola,14
Iosoco,Wilber Township Precinct 1,U.S.House,1,UST,Liz Hakola,6
Iosoco,Total,U.S.House,1,UST,Liz Hakola,230
Iosoco,Alabaster Township Precinct 1,U.S.House,1,Write-in,Write-in,1
Iosoco,AuSable Township Precinct 1,U.S.House,1,Write-in,Write-in,3
Iosoco,Baldwin Township Precinct 1,U.S.House,1,Write-in,Write-in,0
Iosoco,Burleigh Township Precinct 1,U.S.House,1,Write-in,Write-in,1
Iosoco,City of East Tawas Precinct 1,U.S.House,1,Write-in,Write-in,3
Iosoco,City of Tawas City Precinct 1,U.S.House,1,Write-in,Write-in,1
Iosoco,City of Whittemore Precinct 1,U.S.House,1,Write-in,Write-in,0
Iosoco,Grant Township Precinct 1,U.S.House,1,Write-in,Write-in,0
Iosoco,Oscoda Township Precinct 1,U.S.House,1,Write-in,Write-in,0
Iosoco,Oscoda Township Precinct 2,U.S.House,1,Write-in,Write-in,0
Iosoco,Oscoda Township Precinct 3,U.S.House,1,Write-in,Write-in,0
Iosoco,Oscoda Township Precinct 4,U.S.House,1,Write-in,Write-in,2
Iosoco,Plainfield Township Precinct 1,U.S.House,1,Write-in,Write-in,1
Iosoco,Plainfield Township Precinct 2,U.S.House,1,Write-in,Write-in,1
Iosoco,Reno Township Precinct 1,U.S.House,1,Write-in,Write-in,0
Iosoco,Sherman Township Precinct 1,U.S.House,1,Write-in,Write-in,0
Iosoco,Tawas Township Precinct 1,U.S.House,1,Write-in,Write-in,1
Iosoco,Wilber Township Precinct 1,U.S.House,1,Write-in,Write-in,1
Iosoco,Total,U.S.House,1,Write-in,Write-in,16
Iosoco,Alabaster Township Precinct 1,State Senate,36,DEM,Joel A. Sheltrown,106
Iosoco,AuSable Township Precinct 1,State Senate,36,DEM,Joel A. Sheltrown,396
Iosoco,Baldwin Township Precinct 1,State Senate,36,DEM,Joel A. Sheltrown,344
Iosoco,Burleigh Township Precinct 1,State Senate,36,DEM,Joel A. Sheltrown,112
Iosoco,City of East Tawas Precinct 1,State Senate,36,DEM,Joel A. Sheltrown,587
Iosoco,City of Tawas City Precinct 1,State Senate,36,DEM,Joel A. Sheltrown,332
Iosoco,City of Whittemore Precinct 1,State Senate,36,DEM,Joel A. Sheltrown,51
Iosoco,Grant Township Precinct 1,State Senate,36,DEM,Joel A. Sheltrown,303
Iosoco,Oscoda Township Precinct 1,State Senate,36,DEM,Joel A. Sheltrown,475
Iosoco,Oscoda Township Precinct 2,State Senate,36,DEM,Joel A. Sheltrown,139
Iosoco,Oscoda Township Precinct 3,State Senate,36,DEM,Joel A. Sheltrown,349
Iosoco,Oscoda Township Precinct 4,State Senate,36,DEM,Joel A. Sheltrown,392
Iosoco,Plainfield Township Precinct 1,State Senate,36,DEM,Joel A. Sheltrown,245
Iosoco,Plainfield Township Precinct 2,State Senate,36,DEM,Joel A. Sheltrown,448
Iosoco,Reno Township Precinct 1,State Senate,36,DEM,Joel A. Sheltrown,111
Iosoco,Sherman Township Precinct 1,State Senate,36,DEM,Joel A. Sheltrown,69
Iosoco,Tawas Township Precinct 1,State Senate,36,DEM,Joel A. Sheltrown,268
Iosoco,Wilber Township Precinct 1,State Senate,36,DEM,Joel A. Sheltrown,175
Iosoco,Total,State Senate,36,DEM,Joel A. Sheltrown,4902
Iosoco,Alabaster Township Precinct 1,State Senate,36,REP,Michele Hoitenga,206
Iosoco,AuSable Township Precinct 1,State Senate,36,REP,Michele Hoitenga,566
Iosoco,Baldwin Township Precinct 1,State Senate,36,REP,Michele Hoitenga,518
Iosoco,Burleigh Township Precinct 1,State Senate,36,REP,Michele Hoitenga,166
Iosoco,City of East Tawas Precinct 1,State Senate,36,REP,Michele Hoitenga,806
Iosoco,City of Tawas City Precinct 1,State Senate,36,REP,Michele Hoitenga,459
Iosoco,City of Whittemore Precinct 1,State Senate,36,REP,Michele Hoitenga,96
Iosoco,Grant Township Precinct 1,State Senate,36,REP,Michele Hoitenga,503
Iosoco,Oscoda Township Precinct 1,State Senate,36,REP,Michele Hoitenga,673
Iosoco,Oscoda Township Precinct 2,State Senate,36,REP,Michele Hoitenga,252
Iosoco,Oscoda Township Precinct 3,State Senate,36,REP,Michele Hoitenga,495
Iosoco,Oscoda Township Precinct 4,State Senate,36,REP,Michele Hoitenga,462
Iosoco,Plainfield Township Precinct 1,State Senate,36,REP,Michele Hoitenga,390
Iosoco,Plainfield Township Precinct 2,State Senate,36,REP,Michele Hoitenga,742
Iosoco,Reno Township Precinct 1,State Senate,36,REP,Michele Hoitenga,166
Iosoco,Sherman Township Precinct 1,State Senate,36,REP,Michele Hoitenga,139
Iosoco,Tawas Township Precinct 1,State Senate,36,REP,Michele Hoitenga,622
Iosoco,Wilber Township Precinct 1,State Senate,36,REP,Michele Hoitenga,277
Iosoco,Total,State Senate,36,REP,Michele Hoitenga,7538
Iosoco,Alabaster Township Precinct 1,State Senate,36,Write-in,Write-in,1
Iosoco,AuSable Township Precinct 1,State Senate,36,Write-in,Write-in,5
Iosoco,Baldwin Township Precinct 1,State Senate,36,Write-in,Write-in,0
Iosoco,Burleigh Township Precinct 1,State Senate,36,Write-in,Write-in,1
Iosoco,City of East Tawas Precinct 1,State Senate,36,Write-in,Write-in,2
Iosoco,City of Tawas City Precinct 1,State Senate,36,Write-in,Write-in,0
Iosoco,City of Whittemore Precinct 1,State Senate,36,Write-in,Write-in,0
Iosoco,Grant Township Precinct 1,State Senate,36,Write-in,Write-in,0
Iosoco,Oscoda Township Precinct 1,State Senate,36,Write-in,Write-in,1
Iosoco,Oscoda Township Precinct 2,State Senate,36,Write-in,Write-in,1
Iosoco,Oscoda Township Precinct 3,State Senate,36,Write-in,Write-in,2
Iosoco,Oscoda Township Precinct 4,State Senate,36,Write-in,Write-in,1
Iosoco,Plainfield Township Precinct 1,State Senate,36,Write-in,Write-in,3
Iosoco,Plainfield Township Precinct 2,State Senate,36,Write-in,Write-in,2
Iosoco,Reno Township Precinct 1,State Senate,36,Write-in,Write-in,0
Iosoco,Sherman Township Precinct 1,State Senate,36,Write-in,Write-in,0
Iosoco,Tawas Township Precinct 1,State Senate,36,Write-in,Write-in,3
Iosoco,Wilber Township Precinct 1,State Senate,36,Write-in,Write-in,1
Iosoco,Total,State Senate,36,Write-in,Write-in,23
Iosoco,Alabaster Township Precinct 1,State House,99,DEM,Kenneth A. Kish,93
Iosoco,AuSable Township Precinct 1,State House,99,DEM,Kenneth A. Kish,358
Iosoco,Baldwin Township Precinct 1,State House,99,DEM,Kenneth A. Kish,316
Iosoco,Burleigh Township Precinct 1,State House,99,DEM,Kenneth A. Kish,86
Iosoco,City of East Tawas Precinct 1,State House,99,DEM,Kenneth A. Kish,513
Iosoco,City of Tawas City Precinct 1,State House,99,DEM,Kenneth A. Kish,288
Iosoco,City of Whittemore Precinct 1,State House,99,DEM,Kenneth A. Kish,44
Iosoco,Grant Township Precinct 1,State House,99,DEM,Kenneth A. Kish,264
Iosoco,Oscoda Township Precinct 1,State House,99,DEM,Kenneth A. Kish,439
Iosoco,Oscoda Township Precinct 2,State House,99,DEM,Kenneth A. Kish,131
Iosoco,Oscoda Township Precinct 3,State House,99,DEM,Kenneth A. Kish,319
Iosoco,Oscoda Township Precinct 4,State House,99,DEM,Kenneth A. Kish,363
Iosoco,Plainfield Township Precinct 1,State House,99,DEM,Kenneth A. Kish,214
Iosoco,Plainfield Township Precinct 2,State House,99,DEM,Kenneth A. Kish,409
Iosoco,Reno Township Precinct 1,State House,99,DEM,Kenneth A. Kish,84
Iosoco,Sherman Township Precinct 1,State House,99,DEM,Kenneth A. Kish,54
Iosoco,Tawas Township Precinct 1,State House,99,DEM,Kenneth A. Kish,239
Iosoco,Wilber Township Precinct 1,State House,99,DEM,Kenneth A. Kish,145
Iosoco,Total,State House,99,DEM,Kenneth A. Kish,4359
Iosoco,Alabaster Township Precinct 1,State House,99,REP,Mike Hoadley,216
Iosoco,AuSable Township Precinct 1,State House,99,REP,Mike Hoadley,599
Iosoco,Baldwin Township Precinct 1,State House,99,REP,Mike Hoadley,535
Iosoco,Burleigh Township Precinct 1,State House,99,REP,Mike Hoadley,190
Iosoco,City of East Tawas Precinct 1,State House,99,REP,Mike Hoadley,869
Iosoco,City of Tawas City Precinct 1,State House,99,REP,Mike Hoadley,489
Iosoco,City of Whittemore Precinct 1,State House,99,REP,Mike Hoadley,103
Iosoco,Grant Township Precinct 1,State House,99,REP,Mike Hoadley,532
Iosoco,Oscoda Township Precinct 1,State House,99,REP,Mike Hoadley,696
Iosoco,Oscoda Township Precinct 2,State House,99,REP,Mike Hoadley,258
Iosoco,Oscoda Township Precinct 3,State House,99,REP,Mike Hoadley,524
Iosoco,Oscoda Township Precinct 4,State House,99,REP,Mike Hoadley,482
Iosoco,Plainfield Township Precinct 1,State House,99,REP,Mike Hoadley,416
Iosoco,Plainfield Township Precinct 2,State House,99,REP,Mike Hoadley,772
Iosoco,Reno Township Precinct 1,State House,99,REP,Mike Hoadley,190
Iosoco,Sherman Township Precinct 1,State House,99,REP,Mike Hoadley,155
Iosoco,Tawas Township Precinct 1,State House,99,REP,Mike Hoadley,653
Iosoco,Wilber Township Precinct 1,State House,99,REP,Mike Hoadley,302
Iosoco,Total,State House,99,REP,Mike Hoadley,7981
Iosoco,Alabaster Township Precinct 1,State House,99,Write-in,Write-in,2
Iosoco,AuSable Township Precinct 1,State House,99,Write-in,Write-in,5
Iosoco,Baldwin Township Precinct 1,State House,99,Write-in,Write-in,1
Iosoco,Burleigh Township Precinct 1,State House,99,Write-in,Write-in,1
Iosoco,City of East Tawas Precinct 1,State House,99,Write-in,Write-in,1
Iosoco,City of Tawas City Precinct 1,State House,99,Write-in,Write-in,5
Iosoco,City of Whittemore Precinct 1,State House,99,Write-in,Write-in,0
Iosoco,Grant Township Precinct 1,State House,99,Write-in,Write-in,2
Iosoco,Oscoda Township Precinct 1,State House,99,Write-in,Write-in,0
Iosoco,Oscoda Township Precinct 2,State House,99,Write-in,Write-in,0
Iosoco,Oscoda Township Precinct 3,State House,99,Write-in,Write-in,1
Iosoco,Oscoda Township Precinct 4,State House,99,Write-in,Write-in,2
Iosoco,Plainfield Township Precinct 1,State House,99,Write-in,Write-in,4
Iosoco,Plainfield Township Precinct 2,State House,99,Write-in,Write-in,5
Iosoco,Reno Township Precinct 1,State House,99,Write-in,Write-in,0
Iosoco,Sherman Township Precinct 1,State House,99,Write-in,Write-in,0
Iosoco,Tawas Township Precinct 1,State House,99,Write-in,Write-in,3
Iosoco,Wilber Township Precinct 1,State House,99,Write-in,Write-in,0
Iosoco,Total,State House,99,Write-in,Write-in,32
