county,precinct,office,district,party,candidate,votes
Livingston,"City of Brighton, Precinct 1",Attorney General,,DEM,Dana Nessel,680
Livingston,"City of Brighton, Precinct 1",Attorney General,,REP,Matthew DePerno,527
Livingston,"City of Brighton, Precinct 1",Attorney General,,LIB,Joseph W. McHugh Jr.,40
Livingston,"City of Brighton, Precinct 1",Attorney General,,UST,Gerald T. Van Sickle,6
Livingston,"City of Brighton, Precinct 1",Attorney General,,,Cast Votes,1253
Livingston,"City of Brighton, Precinct 1",Attorney General,,,Undervotes,48
Livingston,"City of Brighton, Precinct 1",Attorney General,,,Overvotes,0
Livingston,"City of Brighton, Precinct 1",Attorney General,,,Rejected,1
Livingston,"City of Brighton, Precinct 1",Attorney General,,,Unassigned,0
Livingston,"City of Brighton, Precinct 1",Attorney General,,,Absentee,631
Livingston,"City of Brighton, Precinct 1",Attorney General,,,Election,671
Livingston,"City of Brighton, Precinct 1",Attorney General,,,Total,1302
Livingston,"City of Brighton, Precinct 2",Attorney General,,DEM,Dana Nessel,501
Livingston,"City of Brighton, Precinct 2",Attorney General,,REP,Matthew DePerno,419
Livingston,"City of Brighton, Precinct 2",Attorney General,,LIB,Joseph W. McHugh Jr.,21
Livingston,"City of Brighton, Precinct 2",Attorney General,,UST,Gerald T. Van Sickle,4
Livingston,"City of Brighton, Precinct 2",Attorney General,,,Cast Votes,945
Livingston,"City of Brighton, Precinct 2",Attorney General,,,Undervotes,32
Livingston,"City of Brighton, Precinct 2",Attorney General,,,Overvotes,0
Livingston,"City of Brighton, Precinct 2",Attorney General,,,Rejected,0
Livingston,"City of Brighton, Precinct 2",Attorney General,,,Unassigned,0
Livingston,"City of Brighton, Precinct 2",Attorney General,,,Absentee,457
Livingston,"City of Brighton, Precinct 2",Attorney General,,,Election,520
Livingston,"City of Brighton, Precinct 2",Attorney General,,,Total,977
Livingston,"City of Brighton, Precinct 3",Attorney General,,DEM,Dana Nessel,662
Livingston,"City of Brighton, Precinct 3",Attorney General,,REP,Matthew DePerno,501
Livingston,"City of Brighton, Precinct 3",Attorney General,,LIB,Joseph W. McHugh Jr.,26
Livingston,"City of Brighton, Precinct 3",Attorney General,,UST,Gerald T. Van Sickle,6
Livingston,"City of Brighton, Precinct 3",Attorney General,,,Cast Votes,1195
Livingston,"City of Brighton, Precinct 3",Attorney General,,,Undervotes,46
Livingston,"City of Brighton, Precinct 3",Attorney General,,,Overvotes,0
Livingston,"City of Brighton, Precinct 3",Attorney General,,,Rejected,0
Livingston,"City of Brighton, Precinct 3",Attorney General,,,Unassigned,0
Livingston,"City of Brighton, Precinct 3",Attorney General,,,Absentee,600
Livingston,"City of Brighton, Precinct 3",Attorney General,,,Election,641
Livingston,"City of Brighton, Precinct 3",Attorney General,,,Total,1241
Livingston,"City of Brighton, Precinct 4",Attorney General,,DEM,Dana Nessel,480
Livingston,"City of Brighton, Precinct 4",Attorney General,,REP,Matthew DePerno,455
Livingston,"City of Brighton, Precinct 4",Attorney General,,LIB,Joseph W. McHugh Jr.,11
Livingston,"City of Brighton, Precinct 4",Attorney General,,UST,Gerald T. Van Sickle,3
Livingston,"City of Brighton, Precinct 4",Attorney General,,,Cast Votes,949
Livingston,"City of Brighton, Precinct 4",Attorney General,,,Undervotes,27
Livingston,"City of Brighton, Precinct 4",Attorney General,,,Overvotes,0
Livingston,"City of Brighton, Precinct 4",Attorney General,,,Rejected,1
Livingston,"City of Brighton, Precinct 4",Attorney General,,,Unassigned,0
Livingston,"City of Brighton, Precinct 4",Attorney General,,,Absentee,606
Livingston,"City of Brighton, Precinct 4",Attorney General,,,Election,371
Livingston,"City of Brighton, Precinct 4",Attorney General,,,Total,977
Livingston,"City of Howell, Precinct 1",Attorney General,,DEM,Dana Nessel,750
Livingston,"City of Howell, Precinct 1",Attorney General,,REP,Matthew DePerno,743
Livingston,"City of Howell, Precinct 1",Attorney General,,LIB,Joseph W. McHugh Jr.,29
Livingston,"City of Howell, Precinct 1",Attorney General,,UST,Gerald T. Van Sickle,10
Livingston,"City of Howell, Precinct 1",Attorney General,,,Cast Votes,1532
Livingston,"City of Howell, Precinct 1",Attorney General,,,Undervotes,51
Livingston,"City of Howell, Precinct 1",Attorney General,,,Overvotes,0
Livingston,"City of Howell, Precinct 1",Attorney General,,,Rejected,1
Livingston,"City of Howell, Precinct 1",Attorney General,,,Unassigned,0
Livingston,"City of Howell, Precinct 1",Attorney General,,,Absentee,659
Livingston,"City of Howell, Precinct 1",Attorney General,,,Election,925
Livingston,"City of Howell, Precinct 1",Attorney General,,,Total,1584
Livingston,"City of Howell, Precinct 2",Attorney General,,DEM,Dana Nessel,623
Livingston,"City of Howell, Precinct 2",Attorney General,,REP,Matthew DePerno,482
Livingston,"City of Howell, Precinct 2",Attorney General,,LIB,Joseph W. McHugh Jr.,24
Livingston,"City of Howell, Precinct 2",Attorney General,,UST,Gerald T. Van Sickle,15
Livingston,"City of Howell, Precinct 2",Attorney General,,,Cast Votes,1144
Livingston,"City of Howell, Precinct 2",Attorney General,,,Undervotes,40
Livingston,"City of Howell, Precinct 2",Attorney General,,,Overvotes,0
Livingston,"City of Howell, Precinct 2",Attorney General,,,Rejected,3
Livingston,"City of Howell, Precinct 2",Attorney General,,,Unassigned,0
Livingston,"City of Howell, Precinct 2",Attorney General,,,Absentee,369
Livingston,"City of Howell, Precinct 2",Attorney General,,,Election,818
Livingston,"City of Howell, Precinct 2",Attorney General,,,Total,1187
Livingston,"City of Howell, Precinct 3",Attorney General,,DEM,Dana Nessel,734
Livingston,"City of Howell, Precinct 3",Attorney General,,REP,Matthew DePerno,769
Livingston,"City of Howell, Precinct 3",Attorney General,,LIB,Joseph W. McHugh Jr.,31
Livingston,"City of Howell, Precinct 3",Attorney General,,UST,Gerald T. Van Sickle,8
Livingston,"City of Howell, Precinct 3",Attorney General,,,Cast Votes,1542
Livingston,"City of Howell, Precinct 3",Attorney General,,,Undervotes,37
Livingston,"City of Howell, Precinct 3",Attorney General,,,Overvotes,0
Livingston,"City of Howell, Precinct 3",Attorney General,,,Rejected,1
Livingston,"City of Howell, Precinct 3",Attorney General,,,Unassigned,0
Livingston,"City of Howell, Precinct 3",Attorney General,,,Absentee,662
Livingston,"City of Howell, Precinct 3",Attorney General,,,Election,918
Livingston,"City of Howell, Precinct 3",Attorney General,,,Total,1580
Livingston,"Brighton Charter Township,Precinct 1",Attorney General,,DEM,Dana Nessel,530
Livingston,"Brighton Charter Township,Precinct 1",Attorney General,,REP,Matthew DePerno,770
Livingston,"Brighton Charter Township,Precinct 1",Attorney General,,LIB,Joseph W. McHugh Jr.,14
Livingston,"Brighton Charter Township,Precinct 1",Attorney General,,UST,Gerald T. Van Sickle,3
Livingston,"Brighton Charter Township,Precinct 1",Attorney General,,,Cast Votes,1317
Livingston,"Brighton Charter Township,Precinct 1",Attorney General,,,Undervotes,38
Livingston,"Brighton Charter Township,Precinct 1",Attorney General,,,Overvotes,0
Livingston,"Brighton Charter Township,Precinct 1",Attorney General,,,Rejected,0
Livingston,"Brighton Charter Township,Precinct 1",Attorney General,,,Unassigned,0
Livingston,"Brighton Charter Township,Precinct 1",Attorney General,,,Absentee,672
Livingston,"Brighton Charter Township,Precinct 1",Attorney General,,,Election,683
Livingston,"Brighton Charter Township,Precinct 1",Attorney General,,,Total,1355
Livingston,"Brighton Charter Township,Precinct 2",Attorney General,,DEM,Dana Nessel,382
Livingston,"Brighton Charter Township,Precinct 2",Attorney General,,REP,Matthew DePerno,627
Livingston,"Brighton Charter Township,Precinct 2",Attorney General,,LIB,Joseph W. McHugh Jr.,24
Livingston,"Brighton Charter Township,Precinct 2",Attorney General,,UST,Gerald T. Van Sickle,14
Livingston,"Brighton Charter Township,Precinct 2",Attorney General,,,Cast Votes,1047
Livingston,"Brighton Charter Township,Precinct 2",Attorney General,,,Undervotes,42
Livingston,"Brighton Charter Township,Precinct 2",Attorney General,,,Overvotes,0
Livingston,"Brighton Charter Township,Precinct 2",Attorney General,,,Rejected,1
Livingston,"Brighton Charter Township,Precinct 2",Attorney General,,,Unassigned,0
Livingston,"Brighton Charter Township,Precinct 2",Attorney General,,,Absentee,462
Livingston,"Brighton Charter Township,Precinct 2",Attorney General,,,Election,628
Livingston,"Brighton Charter Township,Precinct 2",Attorney General,,,Total,1090
Livingston,"Brighton Charter Township,Precinct 3",Attorney General,,DEM,Dana Nessel,574
Livingston,"Brighton Charter Township,Precinct 3",Attorney General,,REP,Matthew DePerno,617
Livingston,"Brighton Charter Township,Precinct 3",Attorney General,,LIB,Joseph W. McHugh Jr.,23
Livingston,"Brighton Charter Township,Precinct 3",Attorney General,,UST,Gerald T. Van Sickle,3
Livingston,"Brighton Charter Township,Precinct 3",Attorney General,,,Cast Votes,1217
Livingston,"Brighton Charter Township,Precinct 3",Attorney General,,,Undervotes,30
Livingston,"Brighton Charter Township,Precinct 3",Attorney General,,,Overvotes,0
Livingston,"Brighton Charter Township,Precinct 3",Attorney General,,,Rejected,0
Livingston,"Brighton Charter Township,Precinct 3",Attorney General,,,Unassigned,0
Livingston,"Brighton Charter Township,Precinct 3",Attorney General,,,Absentee,640
Livingston,"Brighton Charter Township,Precinct 3",Attorney General,,,Election,607
Livingston,"Brighton Charter Township,Precinct 3",Attorney General,,,Total,1247
Livingston,"Brighton Charter Township,Precinct 4",Attorney General,,DEM,Dana Nessel,419
Livingston,"Brighton Charter Township,Precinct 4",Attorney General,,REP,Matthew DePerno,557
Livingston,"Brighton Charter Township,Precinct 4",Attorney General,,LIB,Joseph W. McHugh Jr.,23
Livingston,"Brighton Charter Township,Precinct 4",Attorney General,,UST,Gerald T. Van Sickle,10
Livingston,"Brighton Charter Township,Precinct 4",Attorney General,,,Cast Votes,1009
Livingston,"Brighton Charter Township,Precinct 4",Attorney General,,,Undervotes,46
Livingston,"Brighton Charter Township,Precinct 4",Attorney General,,,Overvotes,1
Livingston,"Brighton Charter Township,Precinct 4",Attorney General,,,Rejected,0
Livingston,"Brighton Charter Township,Precinct 4",Attorney General,,,Unassigned,0
Livingston,"Brighton Charter Township,Precinct 4",Attorney General,,,Absentee,490
Livingston,"Brighton Charter Township,Precinct 4",Attorney General,,,Election,566
Livingston,"Brighton Charter Township,Precinct 4",Attorney General,,,Total,1056
Livingston,"Brighton Charter Township,Precinct 5",Attorney General,,DEM,Dana Nessel,297
Livingston,"Brighton Charter Township,Precinct 5",Attorney General,,REP,Matthew DePerno,349
Livingston,"Brighton Charter Township,Precinct 5",Attorney General,,LIB,Joseph W. McHugh Jr.,13
Livingston,"Brighton Charter Township,Precinct 5",Attorney General,,UST,Gerald T. Van Sickle,6
Livingston,"Brighton Charter Township,Precinct 5",Attorney General,,,Cast Votes,665
Livingston,"Brighton Charter Township,Precinct 5",Attorney General,,,Undervotes,19
Livingston,"Brighton Charter Township,Precinct 5",Attorney General,,,Overvotes,0
Livingston,"Brighton Charter Township,Precinct 5",Attorney General,,,Rejected,0
Livingston,"Brighton Charter Township,Precinct 5",Attorney General,,,Unassigned,0
Livingston,"Brighton Charter Township,Precinct 5",Attorney General,,,Absentee,260
Livingston,"Brighton Charter Township,Precinct 5",Attorney General,,,Election,424
Livingston,"Brighton Charter Township,Precinct 5",Attorney General,,,Total,684
Livingston,"Brighton Charter Township,Precinct 6",Attorney General,,DEM,Dana Nessel,776
Livingston,"Brighton Charter Township,Precinct 6",Attorney General,,REP,Matthew DePerno,1004
Livingston,"Brighton Charter Township,Precinct 6",Attorney General,,LIB,Joseph W. McHugh Jr.,29
Livingston,"Brighton Charter Township,Precinct 6",Attorney General,,UST,Gerald T. Van Sickle,10
Livingston,"Brighton Charter Township,Precinct 6",Attorney General,,,Cast Votes,1819
Livingston,"Brighton Charter Township,Precinct 6",Attorney General,,,Undervotes,59
Livingston,"Brighton Charter Township,Precinct 6",Attorney General,,,Overvotes,1
Livingston,"Brighton Charter Township,Precinct 6",Attorney General,,,Rejected,1
Livingston,"Brighton Charter Township,Precinct 6",Attorney General,,,Unassigned,0
Livingston,"Brighton Charter Township,Precinct 6",Attorney General,,,Absentee,832
Livingston,"Brighton Charter Township,Precinct 6",Attorney General,,,Election,1048
Livingston,"Brighton Charter Township,Precinct 6",Attorney General,,,Total,1880
Livingston,"Brighton Charter Township,Precinct 7",Attorney General,,DEM,Dana Nessel,552
Livingston,"Brighton Charter Township,Precinct 7",Attorney General,,REP,Matthew DePerno,770
Livingston,"Brighton Charter Township,Precinct 7",Attorney General,,LIB,Joseph W. McHugh Jr.,17
Livingston,"Brighton Charter Township,Precinct 7",Attorney General,,UST,Gerald T. Van Sickle,4
Livingston,"Brighton Charter Township,Precinct 7",Attorney General,,,Cast Votes,1343
Livingston,"Brighton Charter Township,Precinct 7",Attorney General,,,Undervotes,39
Livingston,"Brighton Charter Township,Precinct 7",Attorney General,,,Overvotes,1
Livingston,"Brighton Charter Township,Precinct 7",Attorney General,,,Rejected,0
Livingston,"Brighton Charter Township,Precinct 7",Attorney General,,,Unassigned,0
Livingston,"Brighton Charter Township,Precinct 7",Attorney General,,,Absentee,659
Livingston,"Brighton Charter Township,Precinct 7",Attorney General,,,Election,724
Livingston,"Brighton Charter Township,Precinct 7",Attorney General,,,Total,1383
Livingston,"Brighton Charter Township,Precinct 8",Attorney General,,DEM,Dana Nessel,372
Livingston,"Brighton Charter Township,Precinct 8",Attorney General,,REP,Matthew DePerno,499
Livingston,"Brighton Charter Township,Precinct 8",Attorney General,,LIB,Joseph W. McHugh Jr.,13
Livingston,"Brighton Charter Township,Precinct 8",Attorney General,,UST,Gerald T. Van Sickle,2
Livingston,"Brighton Charter Township,Precinct 8",Attorney General,,,Cast Votes,886
Livingston,"Brighton Charter Township,Precinct 8",Attorney General,,,Undervotes,23
Livingston,"Brighton Charter Township,Precinct 8",Attorney General,,,Overvotes,1
Livingston,"Brighton Charter Township,Precinct 8",Attorney General,,,Rejected,1
Livingston,"Brighton Charter Township,Precinct 8",Attorney General,,,Unassigned,0
Livingston,"Brighton Charter Township,Precinct 8",Attorney General,,,Absentee,430
Livingston,"Brighton Charter Township,Precinct 8",Attorney General,,,Election,481
Livingston,"Brighton Charter Township,Precinct 8",Attorney General,,,Total,911
Livingston,"Brighton Charter Township,Precinct 9",Attorney General,,DEM,Dana Nessel,822
Livingston,"Brighton Charter Township,Precinct 9",Attorney General,,REP,Matthew DePerno,1109
Livingston,"Brighton Charter Township,Precinct 9",Attorney General,,LIB,Joseph W. McHugh Jr.,36
Livingston,"Brighton Charter Township,Precinct 9",Attorney General,,UST,Gerald T. Van Sickle,8
Livingston,"Brighton Charter Township,Precinct 9",Attorney General,,,Cast Votes,1975
Livingston,"Brighton Charter Township,Precinct 9",Attorney General,,,Undervotes,65
Livingston,"Brighton Charter Township,Precinct 9",Attorney General,,,Overvotes,1
Livingston,"Brighton Charter Township,Precinct 9",Attorney General,,,Rejected,0
Livingston,"Brighton Charter Township,Precinct 9",Attorney General,,,Unassigned,0
Livingston,"Brighton Charter Township,Precinct 9",Attorney General,,,Absentee,1073
Livingston,"Brighton Charter Township,Precinct 9",Attorney General,,,Election,968
Livingston,"Brighton Charter Township,Precinct 9",Attorney General,,,Total,2041
Livingston,"Cohoctah Township, Precinct1",Attorney General,,DEM,Dana Nessel,538
Livingston,"Cohoctah Township, Precinct1",Attorney General,,REP,Matthew DePerno,1217
Livingston,"Cohoctah Township, Precinct1",Attorney General,,LIB,Joseph W. McHugh Jr.,32
Livingston,"Cohoctah Township, Precinct1",Attorney General,,UST,Gerald T. Van Sickle,19
Livingston,"Cohoctah Township, Precinct1",Attorney General,,,Cast Votes,1806
Livingston,"Cohoctah Township, Precinct1",Attorney General,,,Undervotes,54
Livingston,"Cohoctah Township, Precinct1",Attorney General,,,Overvotes,0
Livingston,"Cohoctah Township, Precinct1",Attorney General,,,Rejected,1
Livingston,"Cohoctah Township, Precinct1",Attorney General,,,Unassigned,0
Livingston,"Cohoctah Township, Precinct1",Attorney General,,,Absentee,682
Livingston,"Cohoctah Township, Precinct1",Attorney General,,,Election,1179
Livingston,"Cohoctah Township, Precinct1",Attorney General,,,Total,1861
Livingston,"Conway Township, Precinct 1",Attorney General,,DEM,Dana Nessel,523
Livingston,"Conway Township, Precinct 1",Attorney General,,REP,Matthew DePerno,1251
Livingston,"Conway Township, Precinct 1",Attorney General,,LIB,Joseph W. McHugh Jr.,29
Livingston,"Conway Township, Precinct 1",Attorney General,,UST,Gerald T. Van Sickle,19
Livingston,"Conway Township, Precinct 1",Attorney General,,,Cast Votes,1822
Livingston,"Conway Township, Precinct 1",Attorney General,,,Undervotes,48
Livingston,"Conway Township, Precinct 1",Attorney General,,,Overvotes,0
Livingston,"Conway Township, Precinct 1",Attorney General,,,Rejected,2
Livingston,"Conway Township, Precinct 1",Attorney General,,,Unassigned,0
Livingston,"Conway Township, Precinct 1",Attorney General,,,Absentee,580
Livingston,"Conway Township, Precinct 1",Attorney General,,,Election,1292
Livingston,"Conway Township, Precinct 1",Attorney General,,,Total,1872
Livingston,"Deerfield Township, Precinct 1",Attorney General,,DEM,Dana Nessel,391
Livingston,"Deerfield Township, Precinct 1",Attorney General,,REP,Matthew DePerno,686
Livingston,"Deerfield Township, Precinct 1",Attorney General,,LIB,Joseph W. McHugh Jr.,11
Livingston,"Deerfield Township, Precinct 1",Attorney General,,UST,Gerald T. Van Sickle,8
Livingston,"Deerfield Township, Precinct 1",Attorney General,,,Cast Votes,1096
Livingston,"Deerfield Township, Precinct 1",Attorney General,,,Undervotes,33
Livingston,"Deerfield Township, Precinct 1",Attorney General,,,Overvotes,0
Livingston,"Deerfield Township, Precinct 1",Attorney General,,,Rejected,0
Livingston,"Deerfield Township, Precinct 1",Attorney General,,,Unassigned,0
Livingston,"Deerfield Township, Precinct 1",Attorney General,,,Absentee,417
Livingston,"Deerfield Township, Precinct 1",Attorney General,,,Election,712
Livingston,"Deerfield Township, Precinct 1",Attorney General,,,Total,1129
Livingston,"Deerfield Township, Precinct 2",Attorney General,,DEM,Dana Nessel,351
Livingston,"Deerfield Township, Precinct 2",Attorney General,,REP,Matthew DePerno,844
Livingston,"Deerfield Township, Precinct 2",Attorney General,,LIB,Joseph W. McHugh Jr.,21
Livingston,"Deerfield Township, Precinct 2",Attorney General,,UST,Gerald T. Van Sickle,10
Livingston,"Deerfield Township, Precinct 2",Attorney General,,,Cast Votes,1226
Livingston,"Deerfield Township, Precinct 2",Attorney General,,,Undervotes,35
Livingston,"Deerfield Township, Precinct 2",Attorney General,,,Overvotes,0
Livingston,"Deerfield Township, Precinct 2",Attorney General,,,Rejected,0
Livingston,"Deerfield Township, Precinct 2",Attorney General,,,Unassigned,0
Livingston,"Deerfield Township, Precinct 2",Attorney General,,,Absentee,426
Livingston,"Deerfield Township, Precinct 2",Attorney General,,,Election,835
Livingston,"Deerfield Township, Precinct 2",Attorney General,,,Total,1261
Livingston,"Genoa Charter Township,Precinct 1",Attorney General,,DEM,Dana Nessel,563
Livingston,"Genoa Charter Township,Precinct 1",Attorney General,,REP,Matthew DePerno,675
Livingston,"Genoa Charter Township,Precinct 1",Attorney General,,LIB,Joseph W. McHugh Jr.,14
Livingston,"Genoa Charter Township,Precinct 1",Attorney General,,UST,Gerald T. Van Sickle,7
Livingston,"Genoa Charter Township,Precinct 1",Attorney General,,,Cast Votes,1259
Livingston,"Genoa Charter Township,Precinct 1",Attorney General,,,Undervotes,42
Livingston,"Genoa Charter Township,Precinct 1",Attorney General,,,Overvotes,0
Livingston,"Genoa Charter Township,Precinct 1",Attorney General,,,Rejected,0
Livingston,"Genoa Charter Township,Precinct 1",Attorney General,,,Unassigned,0
Livingston,"Genoa Charter Township,Precinct 1",Attorney General,,,Absentee,571
Livingston,"Genoa Charter Township,Precinct 1",Attorney General,,,Election,730
Livingston,"Genoa Charter Township,Precinct 1",Attorney General,,,Total,1301
Livingston,"Genoa Charter Township,Precinct 2",Attorney General,,DEM,Dana Nessel,254
Livingston,"Genoa Charter Township,Precinct 2",Attorney General,,REP,Matthew DePerno,325
Livingston,"Genoa Charter Township,Precinct 2",Attorney General,,LIB,Joseph W. McHugh Jr.,12
Livingston,"Genoa Charter Township,Precinct 2",Attorney General,,UST,Gerald T. Van Sickle,2
Livingston,"Genoa Charter Township,Precinct 2",Attorney General,,,Cast Votes,593
Livingston,"Genoa Charter Township,Precinct 2",Attorney General,,,Undervotes,17
Livingston,"Genoa Charter Township,Precinct 2",Attorney General,,,Overvotes,0
Livingston,"Genoa Charter Township,Precinct 2",Attorney General,,,Rejected,0
Livingston,"Genoa Charter Township,Precinct 2",Attorney General,,,Unassigned,0
Livingston,"Genoa Charter Township,Precinct 2",Attorney General,,,Absentee,204
Livingston,"Genoa Charter Township,Precinct 2",Attorney General,,,Election,406
Livingston,"Genoa Charter Township,Precinct 2",Attorney General,,,Total,610
Livingston,"Genoa Charter Township,Precinct 3",Attorney General,,DEM,Dana Nessel,547
Livingston,"Genoa Charter Township,Precinct 3",Attorney General,,REP,Matthew DePerno,619
Livingston,"Genoa Charter Township,Precinct 3",Attorney General,,LIB,Joseph W. McHugh Jr.,21
Livingston,"Genoa Charter Township,Precinct 3",Attorney General,,UST,Gerald T. Van Sickle,10
Livingston,"Genoa Charter Township,Precinct 3",Attorney General,,,Cast Votes,1197
Livingston,"Genoa Charter Township,Precinct 3",Attorney General,,,Undervotes,30
Livingston,"Genoa Charter Township,Precinct 3",Attorney General,,,Overvotes,0
Livingston,"Genoa Charter Township,Precinct 3",Attorney General,,,Rejected,1
Livingston,"Genoa Charter Township,Precinct 3",Attorney General,,,Unassigned,0
Livingston,"Genoa Charter Township,Precinct 3",Attorney General,,,Absentee,558
Livingston,"Genoa Charter Township,Precinct 3",Attorney General,,,Election,670
Livingston,"Genoa Charter Township,Precinct 3",Attorney General,,,Total,1228
Livingston,"Genoa Charter Township,Precinct 4",Attorney General,,DEM,Dana Nessel,516
Livingston,"Genoa Charter Township,Precinct 4",Attorney General,,REP,Matthew DePerno,515
Livingston,"Genoa Charter Township,Precinct 4",Attorney General,,LIB,Joseph W. McHugh Jr.,26
Livingston,"Genoa Charter Township,Precinct 4",Attorney General,,UST,Gerald T. Van Sickle,1
Livingston,"Genoa Charter Township,Precinct 4",Attorney General,,,Cast Votes,1058
Livingston,"Genoa Charter Township,Precinct 4",Attorney General,,,Undervotes,28
Livingston,"Genoa Charter Township,Precinct 4",Attorney General,,,Overvotes,0
Livingston,"Genoa Charter Township,Precinct 4",Attorney General,,,Rejected,1
Livingston,"Genoa Charter Township,Precinct 4",Attorney General,,,Unassigned,0
Livingston,"Genoa Charter Township,Precinct 4",Attorney General,,,Absentee,546
Livingston,"Genoa Charter Township,Precinct 4",Attorney General,,,Election,541
Livingston,"Genoa Charter Township,Precinct 4",Attorney General,,,Total,1087
Livingston,"Genoa Charter Township,Precinct 5",Attorney General,,DEM,Dana Nessel,266
Livingston,"Genoa Charter Township,Precinct 5",Attorney General,,REP,Matthew DePerno,447
Livingston,"Genoa Charter Township,Precinct 5",Attorney General,,LIB,Joseph W. McHugh Jr.,14
Livingston,"Genoa Charter Township,Precinct 5",Attorney General,,UST,Gerald T. Van Sickle,3
Livingston,"Genoa Charter Township,Precinct 5",Attorney General,,,Cast Votes,730
Livingston,"Genoa Charter Township,Precinct 5",Attorney General,,,Undervotes,19
Livingston,"Genoa Charter Township,Precinct 5",Attorney General,,,Overvotes,1
Livingston,"Genoa Charter Township,Precinct 5",Attorney General,,,Rejected,0
Livingston,"Genoa Charter Township,Precinct 5",Attorney General,,,Unassigned,0
Livingston,"Genoa Charter Township,Precinct 5",Attorney General,,,Absentee,273
Livingston,"Genoa Charter Township,Precinct 5",Attorney General,,,Election,477
Livingston,"Genoa Charter Township,Precinct 5",Attorney General,,,Total,750
Livingston,"Genoa Charter Township,Precinct 6",Attorney General,,DEM,Dana Nessel,686
Livingston,"Genoa Charter Township,Precinct 6",Attorney General,,REP,Matthew DePerno,1063
Livingston,"Genoa Charter Township,Precinct 6",Attorney General,,LIB,Joseph W. McHugh Jr.,18
Livingston,"Genoa Charter Township,Precinct 6",Attorney General,,UST,Gerald T. Van Sickle,5
Livingston,"Genoa Charter Township,Precinct 6",Attorney General,,,Cast Votes,1772
Livingston,"Genoa Charter Township,Precinct 6",Attorney General,,,Undervotes,42
Livingston,"Genoa Charter Township,Precinct 6",Attorney General,,,Overvotes,0
Livingston,"Genoa Charter Township,Precinct 6",Attorney General,,,Rejected,1
Livingston,"Genoa Charter Township,Precinct 6",Attorney General,,,Unassigned,0
Livingston,"Genoa Charter Township,Precinct 6",Attorney General,,,Absentee,1064
Livingston,"Genoa Charter Township,Precinct 6",Attorney General,,,Election,751
Livingston,"Genoa Charter Township,Precinct 6",Attorney General,,,Total,1815
Livingston,"Genoa Charter Township,Precinct 7",Attorney General,,DEM,Dana Nessel,390
Livingston,"Genoa Charter Township,Precinct 7",Attorney General,,REP,Matthew DePerno,502
Livingston,"Genoa Charter Township,Precinct 7",Attorney General,,LIB,Joseph W. McHugh Jr.,8
Livingston,"Genoa Charter Township,Precinct 7",Attorney General,,UST,Gerald T. Van Sickle,4
Livingston,"Genoa Charter Township,Precinct 7",Attorney General,,,Cast Votes,904
Livingston,"Genoa Charter Township,Precinct 7",Attorney General,,,Undervotes,20
Livingston,"Genoa Charter Township,Precinct 7",Attorney General,,,Overvotes,0
Livingston,"Genoa Charter Township,Precinct 7",Attorney General,,,Rejected,0
Livingston,"Genoa Charter Township,Precinct 7",Attorney General,,,Unassigned,0
Livingston,"Genoa Charter Township,Precinct 7",Attorney General,,,Absentee,429
Livingston,"Genoa Charter Township,Precinct 7",Attorney General,,,Election,495
Livingston,"Genoa Charter Township,Precinct 7",Attorney General,,,Total,924
Livingston,"Genoa Charter Township,Precinct 8",Attorney General,,DEM,Dana Nessel,432
Livingston,"Genoa Charter Township,Precinct 8",Attorney General,,REP,Matthew DePerno,626
Livingston,"Genoa Charter Township,Precinct 8",Attorney General,,LIB,Joseph W. McHugh Jr.,13
Livingston,"Genoa Charter Township,Precinct 8",Attorney General,,UST,Gerald T. Van Sickle,2
Livingston,"Genoa Charter Township,Precinct 8",Attorney General,,,Cast Votes,1073
Livingston,"Genoa Charter Township,Precinct 8",Attorney General,,,Undervotes,28
Livingston,"Genoa Charter Township,Precinct 8",Attorney General,,,Overvotes,0
Livingston,"Genoa Charter Township,Precinct 8",Attorney General,,,Rejected,1
Livingston,"Genoa Charter Township,Precinct 8",Attorney General,,,Unassigned,0
Livingston,"Genoa Charter Township,Precinct 8",Attorney General,,,Absentee,601
Livingston,"Genoa Charter Township,Precinct 8",Attorney General,,,Election,501
Livingston,"Genoa Charter Township,Precinct 8",Attorney General,,,Total,1102
Livingston,"Genoa Charter Township,Precinct 9",Attorney General,,DEM,Dana Nessel,432
Livingston,"Genoa Charter Township,Precinct 9",Attorney General,,REP,Matthew DePerno,563
Livingston,"Genoa Charter Township,Precinct 9",Attorney General,,LIB,Joseph W. McHugh Jr.,19
Livingston,"Genoa Charter Township,Precinct 9",Attorney General,,UST,Gerald T. Van Sickle,6
Livingston,"Genoa Charter Township,Precinct 9",Attorney General,,,Cast Votes,1020
Livingston,"Genoa Charter Township,Precinct 9",Attorney General,,,Undervotes,40
Livingston,"Genoa Charter Township,Precinct 9",Attorney General,,,Overvotes,1
Livingston,"Genoa Charter Township,Precinct 9",Attorney General,,,Rejected,2
Livingston,"Genoa Charter Township,Precinct 9",Attorney General,,,Unassigned,0
Livingston,"Genoa Charter Township,Precinct 9",Attorney General,,,Absentee,509
Livingston,"Genoa Charter Township,Precinct 9",Attorney General,,,Election,554
Livingston,"Genoa Charter Township,Precinct 9",Attorney General,,,Total,1063
Livingston,"Genoa Charter Township,Precinct 10",Attorney General,,DEM,Dana Nessel,425
Livingston,"Genoa Charter Township,Precinct 10",Attorney General,,REP,Matthew DePerno,691
Livingston,"Genoa Charter Township,Precinct 10",Attorney General,,LIB,Joseph W. McHugh Jr.,16
Livingston,"Genoa Charter Township,Precinct 10",Attorney General,,UST,Gerald T. Van Sickle,6
Livingston,"Genoa Charter Township,Precinct 10",Attorney General,,,Cast Votes,1138
Livingston,"Genoa Charter Township,Precinct 10",Attorney General,,,Undervotes,22
Livingston,"Genoa Charter Township,Precinct 10",Attorney General,,,Overvotes,0
Livingston,"Genoa Charter Township,Precinct 10",Attorney General,,,Rejected,0
Livingston,"Genoa Charter Township,Precinct 10",Attorney General,,,Unassigned,0
Livingston,"Genoa Charter Township,Precinct 10",Attorney General,,,Absentee,568
Livingston,"Genoa Charter Township,Precinct 10",Attorney General,,,Election,592
Livingston,"Genoa Charter Township,Precinct 10",Attorney General,,,Total,1160
Livingston,"Genoa Charter Township,Precinct 11",Attorney General,,DEM,Dana Nessel,210
Livingston,"Genoa Charter Township,Precinct 11",Attorney General,,REP,Matthew DePerno,271
Livingston,"Genoa Charter Township,Precinct 11",Attorney General,,LIB,Joseph W. McHugh Jr.,6
Livingston,"Genoa Charter Township,Precinct 11",Attorney General,,UST,Gerald T. Van Sickle,3
Livingston,"Genoa Charter Township,Precinct 11",Attorney General,,,Cast Votes,490
Livingston,"Genoa Charter Township,Precinct 11",Attorney General,,,Undervotes,8
Livingston,"Genoa Charter Township,Precinct 11",Attorney General,,,Overvotes,0
Livingston,"Genoa Charter Township,Precinct 11",Attorney General,,,Rejected,0
Livingston,"Genoa Charter Township,Precinct 11",Attorney General,,,Unassigned,0
Livingston,"Genoa Charter Township,Precinct 11",Attorney General,,,Absentee,203
Livingston,"Genoa Charter Township,Precinct 11",Attorney General,,,Election,295
Livingston,"Genoa Charter Township,Precinct 11",Attorney General,,,Total,498
Livingston,"Genoa Charter Township,Precinct 12",Attorney General,,DEM,Dana Nessel,216
Livingston,"Genoa Charter Township,Precinct 12",Attorney General,,REP,Matthew DePerno,250
Livingston,"Genoa Charter Township,Precinct 12",Attorney General,,LIB,Joseph W. McHugh Jr.,14
Livingston,"Genoa Charter Township,Precinct 12",Attorney General,,UST,Gerald T. Van Sickle,10
Livingston,"Genoa Charter Township,Precinct 12",Attorney General,,,Cast Votes,490
Livingston,"Genoa Charter Township,Precinct 12",Attorney General,,,Undervotes,11
Livingston,"Genoa Charter Township,Precinct 12",Attorney General,,,Overvotes,0
Livingston,"Genoa Charter Township,Precinct 12",Attorney General,,,Rejected,0
Livingston,"Genoa Charter Township,Precinct 12",Attorney General,,,Unassigned,0
Livingston,"Genoa Charter Township,Precinct 12",Attorney General,,,Absentee,223
Livingston,"Genoa Charter Township,Precinct 12",Attorney General,,,Election,278
Livingston,"Genoa Charter Township,Precinct 12",Attorney General,,,Total,501
Livingston,"Green Oak Charter Township,Precinct 1",Attorney General,,DEM,Dana Nessel,620
Livingston,"Green Oak Charter Township,Precinct 1",Attorney General,,REP,Matthew DePerno,787
Livingston,"Green Oak Charter Township,Precinct 1",Attorney General,,LIB,Joseph W. McHugh Jr.,23
Livingston,"Green Oak Charter Township,Precinct 1",Attorney General,,UST,Gerald T. Van Sickle,9
Livingston,"Green Oak Charter Township,Precinct 1",Attorney General,,,Cast Votes,1439
Livingston,"Green Oak Charter Township,Precinct 1",Attorney General,,,Undervotes,35
Livingston,"Green Oak Charter Township,Precinct 1",Attorney General,,,Overvotes,0
Livingston,"Green Oak Charter Township,Precinct 1",Attorney General,,,Rejected,1
Livingston,"Green Oak Charter Township,Precinct 1",Attorney General,,,Unassigned,0
Livingston,"Green Oak Charter Township,Precinct 1",Attorney General,,,Absentee,672
Livingston,"Green Oak Charter Township,Precinct 1",Attorney General,,,Election,803
Livingston,"Green Oak Charter Township,Precinct 1",Attorney General,,,Total,1475
Livingston,"Green Oak Charter Township,Precinct 2",Attorney General,,DEM,Dana Nessel,510
Livingston,"Green Oak Charter Township,Precinct 2",Attorney General,,REP,Matthew DePerno,542
Livingston,"Green Oak Charter Township,Precinct 2",Attorney General,,LIB,Joseph W. McHugh Jr.,18
Livingston,"Green Oak Charter Township,Precinct 2",Attorney General,,UST,Gerald T. Van Sickle,9
Livingston,"Green Oak Charter Township,Precinct 2",Attorney General,,,Cast Votes,1079
Livingston,"Green Oak Charter Township,Precinct 2",Attorney General,,,Undervotes,35
Livingston,"Green Oak Charter Township,Precinct 2",Attorney General,,,Overvotes,1
Livingston,"Green Oak Charter Township,Precinct 2",Attorney General,,,Rejected,1
Livingston,"Green Oak Charter Township,Precinct 2",Attorney General,,,Unassigned,0
Livingston,"Green Oak Charter Township,Precinct 2",Attorney General,,,Absentee,392
Livingston,"Green Oak Charter Township,Precinct 2",Attorney General,,,Election,724
Livingston,"Green Oak Charter Township,Precinct 2",Attorney General,,,Total,1116
Livingston,"Green Oak Charter Township,Precinct 3",Attorney General,,DEM,Dana Nessel,671
Livingston,"Green Oak Charter Township,Precinct 3",Attorney General,,REP,Matthew DePerno,691
Livingston,"Green Oak Charter Township,Precinct 3",Attorney General,,LIB,Joseph W. McHugh Jr.,23
Livingston,"Green Oak Charter Township,Precinct 3",Attorney General,,UST,Gerald T. Van Sickle,12
Livingston,"Green Oak Charter Township,Precinct 3",Attorney General,,,Cast Votes,1397
Livingston,"Green Oak Charter Township,Precinct 3",Attorney General,,,Undervotes,35
Livingston,"Green Oak Charter Township,Precinct 3",Attorney General,,,Overvotes,1
Livingston,"Green Oak Charter Township,Precinct 3",Attorney General,,,Rejected,1
Livingston,"Green Oak Charter Township,Precinct 3",Attorney General,,,Unassigned,0
Livingston,"Green Oak Charter Township,Precinct 3",Attorney General,,,Absentee,609
Livingston,"Green Oak Charter Township,Precinct 3",Attorney General,,,Election,825
Livingston,"Green Oak Charter Township,Precinct 3",Attorney General,,,Total,1434
Livingston,"Green Oak Charter Township,Precinct 4",Attorney General,,DEM,Dana Nessel,661
Livingston,"Green Oak Charter Township,Precinct 4",Attorney General,,REP,Matthew DePerno,872
Livingston,"Green Oak Charter Township,Precinct 4",Attorney General,,LIB,Joseph W. McHugh Jr.,26
Livingston,"Green Oak Charter Township,Precinct 4",Attorney General,,UST,Gerald T. Van Sickle,10
Livingston,"Green Oak Charter Township,Precinct 4",Attorney General,,,Cast Votes,1569
Livingston,"Green Oak Charter Township,Precinct 4",Attorney General,,,Undervotes,52
Livingston,"Green Oak Charter Township,Precinct 4",Attorney General,,,Overvotes,0
Livingston,"Green Oak Charter Township,Precinct 4",Attorney General,,,Rejected,0
Livingston,"Green Oak Charter Township,Precinct 4",Attorney General,,,Unassigned,0
Livingston,"Green Oak Charter Township,Precinct 4",Attorney General,,,Absentee,734
Livingston,"Green Oak Charter Township,Precinct 4",Attorney General,,,Election,887
Livingston,"Green Oak Charter Township,Precinct 4",Attorney General,,,Total,1621
Livingston,"Green Oak Charter Township,Precinct 5",Attorney General,,DEM,Dana Nessel,585
Livingston,"Green Oak Charter Township,Precinct 5",Attorney General,,REP,Matthew DePerno,758
Livingston,"Green Oak Charter Township,Precinct 5",Attorney General,,LIB,Joseph W. McHugh Jr.,17
Livingston,"Green Oak Charter Township,Precinct 5",Attorney General,,UST,Gerald T. Van Sickle,1
Livingston,"Green Oak Charter Township,Precinct 5",Attorney General,,,Cast Votes,1361
Livingston,"Green Oak Charter Township,Precinct 5",Attorney General,,,Undervotes,36
Livingston,"Green Oak Charter Township,Precinct 5",Attorney General,,,Overvotes,0
Livingston,"Green Oak Charter Township,Precinct 5",Attorney General,,,Rejected,3
Livingston,"Green Oak Charter Township,Precinct 5",Attorney General,,,Unassigned,0
Livingston,"Green Oak Charter Township,Precinct 5",Attorney General,,,Absentee,694
Livingston,"Green Oak Charter Township,Precinct 5",Attorney General,,,Election,706
Livingston,"Green Oak Charter Township,Precinct 5",Attorney General,,,Total,1400
Livingston,"Green Oak Charter Township,Precinct 6",Attorney General,,DEM,Dana Nessel,655
Livingston,"Green Oak Charter Township,Precinct 6",Attorney General,,REP,Matthew DePerno,791
Livingston,"Green Oak Charter Township,Precinct 6",Attorney General,,LIB,Joseph W. McHugh Jr.,36
Livingston,"Green Oak Charter Township,Precinct 6",Attorney General,,UST,Gerald T. Van Sickle,2
Livingston,"Green Oak Charter Township,Precinct 6",Attorney General,,,Cast Votes,1484
Livingston,"Green Oak Charter Township,Precinct 6",Attorney General,,,Undervotes,62
Livingston,"Green Oak Charter Township,Precinct 6",Attorney General,,,Overvotes,0
Livingston,"Green Oak Charter Township,Precinct 6",Attorney General,,,Rejected,0
Livingston,"Green Oak Charter Township,Precinct 6",Attorney General,,,Unassigned,0
Livingston,"Green Oak Charter Township,Precinct 6",Attorney General,,,Absentee,784
Livingston,"Green Oak Charter Township,Precinct 6",Attorney General,,,Election,762
Livingston,"Green Oak Charter Township,Precinct 6",Attorney General,,,Total,1546
Livingston,"Green Oak Charter Township,Precinct 7",Attorney General,,DEM,Dana Nessel,305
Livingston,"Green Oak Charter Township,Precinct 7",Attorney General,,REP,Matthew DePerno,354
Livingston,"Green Oak Charter Township,Precinct 7",Attorney General,,LIB,Joseph W. McHugh Jr.,18
Livingston,"Green Oak Charter Township,Precinct 7",Attorney General,,UST,Gerald T. Van Sickle,6
Livingston,"Green Oak Charter Township,Precinct 7",Attorney General,,,Cast Votes,683
Livingston,"Green Oak Charter Township,Precinct 7",Attorney General,,,Undervotes,20
Livingston,"Green Oak Charter Township,Precinct 7",Attorney General,,,Overvotes,0
Livingston,"Green Oak Charter Township,Precinct 7",Attorney General,,,Rejected,0
Livingston,"Green Oak Charter Township,Precinct 7",Attorney General,,,Unassigned,0
Livingston,"Green Oak Charter Township,Precinct 7",Attorney General,,,Absentee,308
Livingston,"Green Oak Charter Township,Precinct 7",Attorney General,,,Election,395
Livingston,"Green Oak Charter Township,Precinct 7",Attorney General,,,Total,703
Livingston,"Green Oak Charter Township,Precinct 8",Attorney General,,DEM,Dana Nessel,607
Livingston,"Green Oak Charter Township,Precinct 8",Attorney General,,REP,Matthew DePerno,692
Livingston,"Green Oak Charter Township,Precinct 8",Attorney General,,LIB,Joseph W. McHugh Jr.,26
Livingston,"Green Oak Charter Township,Precinct 8",Attorney General,,UST,Gerald T. Van Sickle,3
Livingston,"Green Oak Charter Township,Precinct 8",Attorney General,,,Cast Votes,1328
Livingston,"Green Oak Charter Township,Precinct 8",Attorney General,,,Undervotes,40
Livingston,"Green Oak Charter Township,Precinct 8",Attorney General,,,Overvotes,0
Livingston,"Green Oak Charter Township,Precinct 8",Attorney General,,,Rejected,1
Livingston,"Green Oak Charter Township,Precinct 8",Attorney General,,,Unassigned,0
Livingston,"Green Oak Charter Township,Precinct 8",Attorney General,,,Absentee,585
Livingston,"Green Oak Charter Township,Precinct 8",Attorney General,,,Election,784
Livingston,"Green Oak Charter Township,Precinct 8",Attorney General,,,Total,1369
Livingston,"Green Oak Charter Township,Precinct 9",Attorney General,,DEM,Dana Nessel,361
Livingston,"Green Oak Charter Township,Precinct 9",Attorney General,,REP,Matthew DePerno,471
Livingston,"Green Oak Charter Township,Precinct 9",Attorney General,,LIB,Joseph W. McHugh Jr.,16
Livingston,"Green Oak Charter Township,Precinct 9",Attorney General,,UST,Gerald T. Van Sickle,5
Livingston,"Green Oak Charter Township,Precinct 9",Attorney General,,,Cast Votes,853
Livingston,"Green Oak Charter Township,Precinct 9",Attorney General,,,Undervotes,18
Livingston,"Green Oak Charter Township,Precinct 9",Attorney General,,,Overvotes,0
Livingston,"Green Oak Charter Township,Precinct 9",Attorney General,,,Rejected,0
Livingston,"Green Oak Charter Township,Precinct 9",Attorney General,,,Unassigned,0
Livingston,"Green Oak Charter Township,Precinct 9",Attorney General,,,Absentee,429
Livingston,"Green Oak Charter Township,Precinct 9",Attorney General,,,Election,442
Livingston,"Green Oak Charter Township,Precinct 9",Attorney General,,,Total,871
Livingston,"Hamburg Township, Precinct1",Attorney General,,DEM,Dana Nessel,1001
Livingston,"Hamburg Township, Precinct1",Attorney General,,REP,Matthew DePerno,1116
Livingston,"Hamburg Township, Precinct1",Attorney General,,LIB,Joseph W. McHugh Jr.,32
Livingston,"Hamburg Township, Precinct1",Attorney General,,UST,Gerald T. Van Sickle,5
Livingston,"Hamburg Township, Precinct1",Attorney General,,,Cast Votes,2154
Livingston,"Hamburg Township, Precinct1",Attorney General,,,Undervotes,72
Livingston,"Hamburg Township, Precinct1",Attorney General,,,Overvotes,0
Livingston,"Hamburg Township, Precinct1",Attorney General,,,Rejected,2
Livingston,"Hamburg Township, Precinct1",Attorney General,,,Unassigned,0
Livingston,"Hamburg Township, Precinct1",Attorney General,,,Absentee,1194
Livingston,"Hamburg Township, Precinct1",Attorney General,,,Election,1034
Livingston,"Hamburg Township, Precinct1",Attorney General,,,Total,2228
Livingston,"Hamburg Township, Precinct2",Attorney General,,DEM,Dana Nessel,811
Livingston,"Hamburg Township, Precinct2",Attorney General,,REP,Matthew DePerno,775
Livingston,"Hamburg Township, Precinct2",Attorney General,,LIB,Joseph W. McHugh Jr.,29
Livingston,"Hamburg Township, Precinct2",Attorney General,,UST,Gerald T. Van Sickle,2
Livingston,"Hamburg Township, Precinct2",Attorney General,,,Cast Votes,1617
Livingston,"Hamburg Township, Precinct2",Attorney General,,,Undervotes,57
Livingston,"Hamburg Township, Precinct2",Attorney General,,,Overvotes,0
Livingston,"Hamburg Township, Precinct2",Attorney General,,,Rejected,0
Livingston,"Hamburg Township, Precinct2",Attorney General,,,Unassigned,0
Livingston,"Hamburg Township, Precinct2",Attorney General,,,Absentee,748
Livingston,"Hamburg Township, Precinct2",Attorney General,,,Election,926
Livingston,"Hamburg Township, Precinct2",Attorney General,,,Total,1674
Livingston,"Hamburg Township, Precinct3",Attorney General,,DEM,Dana Nessel,845
Livingston,"Hamburg Township, Precinct3",Attorney General,,REP,Matthew DePerno,965
Livingston,"Hamburg Township, Precinct3",Attorney General,,LIB,Joseph W. McHugh Jr.,28
Livingston,"Hamburg Township, Precinct3",Attorney General,,UST,Gerald T. Van Sickle,12
Livingston,"Hamburg Township, Precinct3",Attorney General,,,Cast Votes,1850
Livingston,"Hamburg Township, Precinct3",Attorney General,,,Undervotes,73
Livingston,"Hamburg Township, Precinct3",Attorney General,,,Overvotes,0
Livingston,"Hamburg Township, Precinct3",Attorney General,,,Rejected,1
Livingston,"Hamburg Township, Precinct3",Attorney General,,,Unassigned,0
Livingston,"Hamburg Township, Precinct3",Attorney General,,,Absentee,990
Livingston,"Hamburg Township, Precinct3",Attorney General,,,Election,934
Livingston,"Hamburg Township, Precinct3",Attorney General,,,Total,1924
Livingston,"Hamburg Township, Precinct4",Attorney General,,DEM,Dana Nessel,858
Livingston,"Hamburg Township, Precinct4",Attorney General,,REP,Matthew DePerno,813
Livingston,"Hamburg Township, Precinct4",Attorney General,,LIB,Joseph W. McHugh Jr.,40
Livingston,"Hamburg Township, Precinct4",Attorney General,,UST,Gerald T. Van Sickle,7
Livingston,"Hamburg Township, Precinct4",Attorney General,,,Cast Votes,1718
Livingston,"Hamburg Township, Precinct4",Attorney General,,,Undervotes,43
Livingston,"Hamburg Township, Precinct4",Attorney General,,,Overvotes,0
Livingston,"Hamburg Township, Precinct4",Attorney General,,,Rejected,0
Livingston,"Hamburg Township, Precinct4",Attorney General,,,Unassigned,0
Livingston,"Hamburg Township, Precinct4",Attorney General,,,Absentee,899
Livingston,"Hamburg Township, Precinct4",Attorney General,,,Election,862
Livingston,"Hamburg Township, Precinct4",Attorney General,,,Total,1761
Livingston,"Hamburg Township, Precinct5",Attorney General,,DEM,Dana Nessel,694
Livingston,"Hamburg Township, Precinct5",Attorney General,,REP,Matthew DePerno,679
Livingston,"Hamburg Township, Precinct5",Attorney General,,LIB,Joseph W. McHugh Jr.,23
Livingston,"Hamburg Township, Precinct5",Attorney General,,UST,Gerald T. Van Sickle,10
Livingston,"Hamburg Township, Precinct5",Attorney General,,,Cast Votes,1406
Livingston,"Hamburg Township, Precinct5",Attorney General,,,Undervotes,28
Livingston,"Hamburg Township, Precinct5",Attorney General,,,Overvotes,0
Livingston,"Hamburg Township, Precinct5",Attorney General,,,Rejected,1
Livingston,"Hamburg Township, Precinct5",Attorney General,,,Unassigned,0
Livingston,"Hamburg Township, Precinct5",Attorney General,,,Absentee,675
Livingston,"Hamburg Township, Precinct5",Attorney General,,,Election,760
Livingston,"Hamburg Township, Precinct5",Attorney General,,,Total,1435
Livingston,"Hamburg Township, Precinct6",Attorney General,,DEM,Dana Nessel,977
Livingston,"Hamburg Township, Precinct6",Attorney General,,REP,Matthew DePerno,961
Livingston,"Hamburg Township, Precinct6",Attorney General,,LIB,Joseph W. McHugh Jr.,22
Livingston,"Hamburg Township, Precinct6",Attorney General,,UST,Gerald T. Van Sickle,9
Livingston,"Hamburg Township, Precinct6",Attorney General,,,Cast Votes,1969
Livingston,"Hamburg Township, Precinct6",Attorney General,,,Undervotes,60
Livingston,"Hamburg Township, Precinct6",Attorney General,,,Overvotes,0
Livingston,"Hamburg Township, Precinct6",Attorney General,,,Rejected,1
Livingston,"Hamburg Township, Precinct6",Attorney General,,,Unassigned,0
Livingston,"Hamburg Township, Precinct6",Attorney General,,,Absentee,1124
Livingston,"Hamburg Township, Precinct6",Attorney General,,,Election,906
Livingston,"Hamburg Township, Precinct6",Attorney General,,,Total,2030
Livingston,"Hamburg Township, Precinct7",Attorney General,,DEM,Dana Nessel,588
Livingston,"Hamburg Township, Precinct7",Attorney General,,REP,Matthew DePerno,576
Livingston,"Hamburg Township, Precinct7",Attorney General,,LIB,Joseph W. McHugh Jr.,26
Livingston,"Hamburg Township, Precinct7",Attorney General,,UST,Gerald T. Van Sickle,5
Livingston,"Hamburg Township, Precinct7",Attorney General,,,Cast Votes,1195
Livingston,"Hamburg Township, Precinct7",Attorney General,,,Undervotes,24
Livingston,"Hamburg Township, Precinct7",Attorney General,,,Overvotes,0
Livingston,"Hamburg Township, Precinct7",Attorney General,,,Rejected,1
Livingston,"Hamburg Township, Precinct7",Attorney General,,,Unassigned,0
Livingston,"Hamburg Township, Precinct7",Attorney General,,,Absentee,576
Livingston,"Hamburg Township, Precinct7",Attorney General,,,Election,644
Livingston,"Hamburg Township, Precinct7",Attorney General,,,Total,1220
Livingston,"Hamburg Township, Precinct8",Attorney General,,DEM,Dana Nessel,485
Livingston,"Hamburg Township, Precinct8",Attorney General,,REP,Matthew DePerno,461
Livingston,"Hamburg Township, Precinct8",Attorney General,,LIB,Joseph W. McHugh Jr.,17
Livingston,"Hamburg Township, Precinct8",Attorney General,,UST,Gerald T. Van Sickle,4
Livingston,"Hamburg Township, Precinct8",Attorney General,,,Cast Votes,967
Livingston,"Hamburg Township, Precinct8",Attorney General,,,Undervotes,31
Livingston,"Hamburg Township, Precinct8",Attorney General,,,Overvotes,0
Livingston,"Hamburg Township, Precinct8",Attorney General,,,Rejected,0
Livingston,"Hamburg Township, Precinct8",Attorney General,,,Unassigned,0
Livingston,"Hamburg Township, Precinct8",Attorney General,,,Absentee,425
Livingston,"Hamburg Township, Precinct8",Attorney General,,,Election,573
Livingston,"Hamburg Township, Precinct8",Attorney General,,,Total,998
Livingston,"Handy Township, Precinct 1",Attorney General,,DEM,Dana Nessel,417
Livingston,"Handy Township, Precinct 1",Attorney General,,REP,Matthew DePerno,669
Livingston,"Handy Township, Precinct 1",Attorney General,,LIB,Joseph W. McHugh Jr.,17
Livingston,"Handy Township, Precinct 1",Attorney General,,UST,Gerald T. Van Sickle,10
Livingston,"Handy Township, Precinct 1",Attorney General,,,Cast Votes,1113
Livingston,"Handy Township, Precinct 1",Attorney General,,,Undervotes,33
Livingston,"Handy Township, Precinct 1",Attorney General,,,Overvotes,0
Livingston,"Handy Township, Precinct 1",Attorney General,,,Rejected,1
Livingston,"Handy Township, Precinct 1",Attorney General,,,Unassigned,0
Livingston,"Handy Township, Precinct 1",Attorney General,,,Absentee,359
Livingston,"Handy Township, Precinct 1",Attorney General,,,Election,788
Livingston,"Handy Township, Precinct 1",Attorney General,,,Total,1147
Livingston,"Handy Township, Precinct 2",Attorney General,,DEM,Dana Nessel,421
Livingston,"Handy Township, Precinct 2",Attorney General,,REP,Matthew DePerno,589
Livingston,"Handy Township, Precinct 2",Attorney General,,LIB,Joseph W. McHugh Jr.,26
Livingston,"Handy Township, Precinct 2",Attorney General,,UST,Gerald T. Van Sickle,18
Livingston,"Handy Township, Precinct 2",Attorney General,,,Cast Votes,1054
Livingston,"Handy Township, Precinct 2",Attorney General,,,Undervotes,51
Livingston,"Handy Township, Precinct 2",Attorney General,,,Overvotes,0
Livingston,"Handy Township, Precinct 2",Attorney General,,,Rejected,2
Livingston,"Handy Township, Precinct 2",Attorney General,,,Unassigned,0
Livingston,"Handy Township, Precinct 2",Attorney General,,,Absentee,382
Livingston,"Handy Township, Precinct 2",Attorney General,,,Election,725
Livingston,"Handy Township, Precinct 2",Attorney General,,,Total,1107
Livingston,"Handy Township, Precinct 3",Attorney General,,DEM,Dana Nessel,507
Livingston,"Handy Township, Precinct 3",Attorney General,,REP,Matthew DePerno,996
Livingston,"Handy Township, Precinct 3",Attorney General,,LIB,Joseph W. McHugh Jr.,22
Livingston,"Handy Township, Precinct 3",Attorney General,,UST,Gerald T. Van Sickle,16
Livingston,"Handy Township, Precinct 3",Attorney General,,,Cast Votes,1541
Livingston,"Handy Township, Precinct 3",Attorney General,,,Undervotes,33
Livingston,"Handy Township, Precinct 3",Attorney General,,,Overvotes,0
Livingston,"Handy Township, Precinct 3",Attorney General,,,Rejected,0
Livingston,"Handy Township, Precinct 3",Attorney General,,,Unassigned,0
Livingston,"Handy Township, Precinct 3",Attorney General,,,Absentee,496
Livingston,"Handy Township, Precinct 3",Attorney General,,,Election,1078
Livingston,"Handy Township, Precinct 3",Attorney General,,,Total,1574
Livingston,"Hartland Township, Precinct 1",Attorney General,,DEM,Dana Nessel,666
Livingston,"Hartland Township, Precinct 1",Attorney General,,REP,Matthew DePerno,993
Livingston,"Hartland Township, Precinct 1",Attorney General,,LIB,Joseph W. McHugh Jr.,21
Livingston,"Hartland Township, Precinct 1",Attorney General,,UST,Gerald T. Van Sickle,5
Livingston,"Hartland Township, Precinct 1",Attorney General,,,Cast Votes,1685
Livingston,"Hartland Township, Precinct 1",Attorney General,,,Undervotes,51
Livingston,"Hartland Township, Precinct 1",Attorney General,,,Overvotes,2
Livingston,"Hartland Township, Precinct 1",Attorney General,,,Rejected,1
Livingston,"Hartland Township, Precinct 1",Attorney General,,,Unassigned,0
Livingston,"Hartland Township, Precinct 1",Attorney General,,,Absentee,835
Livingston,"Hartland Township, Precinct 1",Attorney General,,,Election,904
Livingston,"Hartland Township, Precinct 1",Attorney General,,,Total,1739
Livingston,"Hartland Township, Precinct 2",Attorney General,,DEM,Dana Nessel,696
Livingston,"Hartland Township, Precinct 2",Attorney General,,REP,Matthew DePerno,964
Livingston,"Hartland Township, Precinct 2",Attorney General,,LIB,Joseph W. McHugh Jr.,29
Livingston,"Hartland Township, Precinct 2",Attorney General,,UST,Gerald T. Van Sickle,10
Livingston,"Hartland Township, Precinct 2",Attorney General,,,Cast Votes,1699
Livingston,"Hartland Township, Precinct 2",Attorney General,,,Undervotes,53
Livingston,"Hartland Township, Precinct 2",Attorney General,,,Overvotes,1
Livingston,"Hartland Township, Precinct 2",Attorney General,,,Rejected,4
Livingston,"Hartland Township, Precinct 2",Attorney General,,,Unassigned,0
Livingston,"Hartland Township, Precinct 2",Attorney General,,,Absentee,704
Livingston,"Hartland Township, Precinct 2",Attorney General,,,Election,1053
Livingston,"Hartland Township, Precinct 2",Attorney General,,,Total,1757
Livingston,"Hartland Township, Precinct 3",Attorney General,,DEM,Dana Nessel,733
Livingston,"Hartland Township, Precinct 3",Attorney General,,REP,Matthew DePerno,1095
Livingston,"Hartland Township, Precinct 3",Attorney General,,LIB,Joseph W. McHugh Jr.,34
Livingston,"Hartland Township, Precinct 3",Attorney General,,UST,Gerald T. Van Sickle,15
Livingston,"Hartland Township, Precinct 3",Attorney General,,,Cast Votes,1877
Livingston,"Hartland Township, Precinct 3",Attorney General,,,Undervotes,43
Livingston,"Hartland Township, Precinct 3",Attorney General,,,Overvotes,0
Livingston,"Hartland Township, Precinct 3",Attorney General,,,Rejected,1
Livingston,"Hartland Township, Precinct 3",Attorney General,,,Unassigned,0
Livingston,"Hartland Township, Precinct 3",Attorney General,,,Absentee,918
Livingston,"Hartland Township, Precinct 3",Attorney General,,,Election,1003
Livingston,"Hartland Township, Precinct 3",Attorney General,,,Total,1921
Livingston,"Hartland Township, Precinct 4",Attorney General,,DEM,Dana Nessel,665
Livingston,"Hartland Township, Precinct 4",Attorney General,,REP,Matthew DePerno,1064
Livingston,"Hartland Township, Precinct 4",Attorney General,,LIB,Joseph W. McHugh Jr.,33
Livingston,"Hartland Township, Precinct 4",Attorney General,,UST,Gerald T. Van Sickle,4
Livingston,"Hartland Township, Precinct 4",Attorney General,,,Cast Votes,1766
Livingston,"Hartland Township, Precinct 4",Attorney General,,,Undervotes,47
Livingston,"Hartland Township, Precinct 4",Attorney General,,,Overvotes,0
Livingston,"Hartland Township, Precinct 4",Attorney General,,,Rejected,1
Livingston,"Hartland Township, Precinct 4",Attorney General,,,Unassigned,0
Livingston,"Hartland Township, Precinct 4",Attorney General,,,Absentee,812
Livingston,"Hartland Township, Precinct 4",Attorney General,,,Election,1002
Livingston,"Hartland Township, Precinct 4",Attorney General,,,Total,1814
Livingston,"Hartland Township, Precinct 5",Attorney General,,DEM,Dana Nessel,493
Livingston,"Hartland Township, Precinct 5",Attorney General,,REP,Matthew DePerno,718
Livingston,"Hartland Township, Precinct 5",Attorney General,,LIB,Joseph W. McHugh Jr.,23
Livingston,"Hartland Township, Precinct 5",Attorney General,,UST,Gerald T. Van Sickle,6
Livingston,"Hartland Township, Precinct 5",Attorney General,,,Cast Votes,1240
Livingston,"Hartland Township, Precinct 5",Attorney General,,,Undervotes,36
Livingston,"Hartland Township, Precinct 5",Attorney General,,,Overvotes,1
Livingston,"Hartland Township, Precinct 5",Attorney General,,,Rejected,3
Livingston,"Hartland Township, Precinct 5",Attorney General,,,Unassigned,0
Livingston,"Hartland Township, Precinct 5",Attorney General,,,Absentee,548
Livingston,"Hartland Township, Precinct 5",Attorney General,,,Election,732
Livingston,"Hartland Township, Precinct 5",Attorney General,,,Total,1280
Livingston,"Howell Township, Precinct 1",Attorney General,,DEM,Dana Nessel,566
Livingston,"Howell Township, Precinct 1",Attorney General,,REP,Matthew DePerno,771
Livingston,"Howell Township, Precinct 1",Attorney General,,LIB,Joseph W. McHugh Jr.,17
Livingston,"Howell Township, Precinct 1",Attorney General,,UST,Gerald T. Van Sickle,11
Livingston,"Howell Township, Precinct 1",Attorney General,,,Cast Votes,1365
Livingston,"Howell Township, Precinct 1",Attorney General,,,Undervotes,39
Livingston,"Howell Township, Precinct 1",Attorney General,,,Overvotes,2
Livingston,"Howell Township, Precinct 1",Attorney General,,,Rejected,1
Livingston,"Howell Township, Precinct 1",Attorney General,,,Unassigned,0
Livingston,"Howell Township, Precinct 1",Attorney General,,,Absentee,554
Livingston,"Howell Township, Precinct 1",Attorney General,,,Election,853
Livingston,"Howell Township, Precinct 1",Attorney General,,,Total,1407
Livingston,"Howell Township, Precinct 2",Attorney General,,DEM,Dana Nessel,547
Livingston,"Howell Township, Precinct 2",Attorney General,,REP,Matthew DePerno,896
Livingston,"Howell Township, Precinct 2",Attorney General,,LIB,Joseph W. McHugh Jr.,36
Livingston,"Howell Township, Precinct 2",Attorney General,,UST,Gerald T. Van Sickle,13
Livingston,"Howell Township, Precinct 2",Attorney General,,,Cast Votes,1492
Livingston,"Howell Township, Precinct 2",Attorney General,,,Undervotes,42
Livingston,"Howell Township, Precinct 2",Attorney General,,,Overvotes,0
Livingston,"Howell Township, Precinct 2",Attorney General,,,Rejected,0
Livingston,"Howell Township, Precinct 2",Attorney General,,,Unassigned,0
Livingston,"Howell Township, Precinct 2",Attorney General,,,Absentee,563
Livingston,"Howell Township, Precinct 2",Attorney General,,,Election,971
Livingston,"Howell Township, Precinct 2",Attorney General,,,Total,1534
Livingston,"Howell Township, Precinct 3",Attorney General,,DEM,Dana Nessel,412
Livingston,"Howell Township, Precinct 3",Attorney General,,REP,Matthew DePerno,623
Livingston,"Howell Township, Precinct 3",Attorney General,,LIB,Joseph W. McHugh Jr.,18
Livingston,"Howell Township, Precinct 3",Attorney General,,UST,Gerald T. Van Sickle,5
Livingston,"Howell Township, Precinct 3",Attorney General,,,Cast Votes,1058
Livingston,"Howell Township, Precinct 3",Attorney General,,,Undervotes,28
Livingston,"Howell Township, Precinct 3",Attorney General,,,Overvotes,1
Livingston,"Howell Township, Precinct 3",Attorney General,,,Rejected,0
Livingston,"Howell Township, Precinct 3",Attorney General,,,Unassigned,0
Livingston,"Howell Township, Precinct 3",Attorney General,,,Absentee,467
Livingston,"Howell Township, Precinct 3",Attorney General,,,Election,620
Livingston,"Howell Township, Precinct 3",Attorney General,,,Total,1087
Livingston,"Iosco Township, Precinct 1",Attorney General,,DEM,Dana Nessel,259
Livingston,"Iosco Township, Precinct 1",Attorney General,,REP,Matthew DePerno,556
Livingston,"Iosco Township, Precinct 1",Attorney General,,LIB,Joseph W. McHugh Jr.,10
Livingston,"Iosco Township, Precinct 1",Attorney General,,UST,Gerald T. Van Sickle,13
Livingston,"Iosco Township, Precinct 1",Attorney General,,,Cast Votes,838
Livingston,"Iosco Township, Precinct 1",Attorney General,,,Undervotes,40
Livingston,"Iosco Township, Precinct 1",Attorney General,,,Overvotes,0
Livingston,"Iosco Township, Precinct 1",Attorney General,,,Rejected,3
Livingston,"Iosco Township, Precinct 1",Attorney General,,,Unassigned,0
Livingston,"Iosco Township, Precinct 1",Attorney General,,,Absentee,266
Livingston,"Iosco Township, Precinct 1",Attorney General,,,Election,615
Livingston,"Iosco Township, Precinct 1",Attorney General,,,Total,881
Livingston,"Iosco Township, Precinct 2",Attorney General,,DEM,Dana Nessel,360
Livingston,"Iosco Township, Precinct 2",Attorney General,,REP,Matthew DePerno,728
Livingston,"Iosco Township, Precinct 2",Attorney General,,LIB,Joseph W. McHugh Jr.,18
Livingston,"Iosco Township, Precinct 2",Attorney General,,UST,Gerald T. Van Sickle,11
Livingston,"Iosco Township, Precinct 2",Attorney General,,,Cast Votes,1117
Livingston,"Iosco Township, Precinct 2",Attorney General,,,Undervotes,29
Livingston,"Iosco Township, Precinct 2",Attorney General,,,Overvotes,0
Livingston,"Iosco Township, Precinct 2",Attorney General,,,Rejected,0
Livingston,"Iosco Township, Precinct 2",Attorney General,,,Unassigned,0
Livingston,"Iosco Township, Precinct 2",Attorney General,,,Absentee,339
Livingston,"Iosco Township, Precinct 2",Attorney General,,,Election,807
Livingston,"Iosco Township, Precinct 2",Attorney General,,,Total,1146
Livingston,"Marion Township, Precinct 1",Attorney General,,DEM,Dana Nessel,561
Livingston,"Marion Township, Precinct 1",Attorney General,,REP,Matthew DePerno,1034
Livingston,"Marion Township, Precinct 1",Attorney General,,LIB,Joseph W. McHugh Jr.,23
Livingston,"Marion Township, Precinct 1",Attorney General,,UST,Gerald T. Van Sickle,2
Livingston,"Marion Township, Precinct 1",Attorney General,,,Cast Votes,1620
Livingston,"Marion Township, Precinct 1",Attorney General,,,Undervotes,45
Livingston,"Marion Township, Precinct 1",Attorney General,,,Overvotes,0
Livingston,"Marion Township, Precinct 1",Attorney General,,,Rejected,0
Livingston,"Marion Township, Precinct 1",Attorney General,,,Unassigned,0
Livingston,"Marion Township, Precinct 1",Attorney General,,,Absentee,700
Livingston,"Marion Township, Precinct 1",Attorney General,,,Election,965
Livingston,"Marion Township, Precinct 1",Attorney General,,,Total,1665
Livingston,"Marion Township, Precinct 2",Attorney General,,DEM,Dana Nessel,748
Livingston,"Marion Township, Precinct 2",Attorney General,,REP,Matthew DePerno,1129
Livingston,"Marion Township, Precinct 2",Attorney General,,LIB,Joseph W. McHugh Jr.,44
Livingston,"Marion Township, Precinct 2",Attorney General,,UST,Gerald T. Van Sickle,6
Livingston,"Marion Township, Precinct 2",Attorney General,,,Cast Votes,1927
Livingston,"Marion Township, Precinct 2",Attorney General,,,Undervotes,51
Livingston,"Marion Township, Precinct 2",Attorney General,,,Overvotes,1
Livingston,"Marion Township, Precinct 2",Attorney General,,,Rejected,3
Livingston,"Marion Township, Precinct 2",Attorney General,,,Unassigned,0
Livingston,"Marion Township, Precinct 2",Attorney General,,,Absentee,867
Livingston,"Marion Township, Precinct 2",Attorney General,,,Election,1115
Livingston,"Marion Township, Precinct 2",Attorney General,,,Total,1982
Livingston,"Marion Township, Precinct 3",Attorney General,,DEM,Dana Nessel,519
Livingston,"Marion Township, Precinct 3",Attorney General,,REP,Matthew DePerno,813
Livingston,"Marion Township, Precinct 3",Attorney General,,LIB,Joseph W. McHugh Jr.,11
Livingston,"Marion Township, Precinct 3",Attorney General,,UST,Gerald T. Van Sickle,9
Livingston,"Marion Township, Precinct 3",Attorney General,,,Cast Votes,1352
Livingston,"Marion Township, Precinct 3",Attorney General,,,Undervotes,37
Livingston,"Marion Township, Precinct 3",Attorney General,,,Overvotes,0
Livingston,"Marion Township, Precinct 3",Attorney General,,,Rejected,0
Livingston,"Marion Township, Precinct 3",Attorney General,,,Unassigned,0
Livingston,"Marion Township, Precinct 3",Attorney General,,,Absentee,608
Livingston,"Marion Township, Precinct 3",Attorney General,,,Election,781
Livingston,"Marion Township, Precinct 3",Attorney General,,,Total,1389
Livingston,"Marion Township, Precinct 4",Attorney General,,DEM,Dana Nessel,548
Livingston,"Marion Township, Precinct 4",Attorney General,,REP,Matthew DePerno,1208
Livingston,"Marion Township, Precinct 4",Attorney General,,LIB,Joseph W. McHugh Jr.,23
Livingston,"Marion Township, Precinct 4",Attorney General,,UST,Gerald T. Van Sickle,11
Livingston,"Marion Township, Precinct 4",Attorney General,,,Cast Votes,1790
Livingston,"Marion Township, Precinct 4",Attorney General,,,Undervotes,42
Livingston,"Marion Township, Precinct 4",Attorney General,,,Overvotes,0
Livingston,"Marion Township, Precinct 4",Attorney General,,,Rejected,0
Livingston,"Marion Township, Precinct 4",Attorney General,,,Unassigned,0
Livingston,"Marion Township, Precinct 4",Attorney General,,,Absentee,798
Livingston,"Marion Township, Precinct 4",Attorney General,,,Election,1034
Livingston,"Marion Township, Precinct 4",Attorney General,,,Total,1832
Livingston,"Oceola Township, Precinct 1",Attorney General,,DEM,Dana Nessel,584
Livingston,"Oceola Township, Precinct 1",Attorney General,,REP,Matthew DePerno,960
Livingston,"Oceola Township, Precinct 1",Attorney General,,LIB,Joseph W. McHugh Jr.,18
Livingston,"Oceola Township, Precinct 1",Attorney General,,UST,Gerald T. Van Sickle,14
Livingston,"Oceola Township, Precinct 1",Attorney General,,,Cast Votes,1576
Livingston,"Oceola Township, Precinct 1",Attorney General,,,Undervotes,39
Livingston,"Oceola Township, Precinct 1",Attorney General,,,Overvotes,0
Livingston,"Oceola Township, Precinct 1",Attorney General,,,Rejected,0
Livingston,"Oceola Township, Precinct 1",Attorney General,,,Unassigned,0
Livingston,"Oceola Township, Precinct 1",Attorney General,,,Absentee,703
Livingston,"Oceola Township, Precinct 1",Attorney General,,,Election,912
Livingston,"Oceola Township, Precinct 1",Attorney General,,,Total,1615
Livingston,"Oceola Township, Precinct 2",Attorney General,,DEM,Dana Nessel,771
Livingston,"Oceola Township, Precinct 2",Attorney General,,REP,Matthew DePerno,909
Livingston,"Oceola Township, Precinct 2",Attorney General,,LIB,Joseph W. McHugh Jr.,29
Livingston,"Oceola Township, Precinct 2",Attorney General,,UST,Gerald T. Van Sickle,5
Livingston,"Oceola Township, Precinct 2",Attorney General,,,Cast Votes,1714
Livingston,"Oceola Township, Precinct 2",Attorney General,,,Undervotes,55
Livingston,"Oceola Township, Precinct 2",Attorney General,,,Overvotes,0
Livingston,"Oceola Township, Precinct 2",Attorney General,,,Rejected,3
Livingston,"Oceola Township, Precinct 2",Attorney General,,,Unassigned,0
Livingston,"Oceola Township, Precinct 2",Attorney General,,,Absentee,777
Livingston,"Oceola Township, Precinct 2",Attorney General,,,Election,995
Livingston,"Oceola Township, Precinct 2",Attorney General,,,Total,1772
Livingston,"Oceola Township, Precinct 3",Attorney General,,DEM,Dana Nessel,294
Livingston,"Oceola Township, Precinct 3",Attorney General,,REP,Matthew DePerno,604
Livingston,"Oceola Township, Precinct 3",Attorney General,,LIB,Joseph W. McHugh Jr.,20
Livingston,"Oceola Township, Precinct 3",Attorney General,,UST,Gerald T. Van Sickle,7
Livingston,"Oceola Township, Precinct 3",Attorney General,,,Cast Votes,925
Livingston,"Oceola Township, Precinct 3",Attorney General,,,Undervotes,19
Livingston,"Oceola Township, Precinct 3",Attorney General,,,Overvotes,1
Livingston,"Oceola Township, Precinct 3",Attorney General,,,Rejected,0
Livingston,"Oceola Township, Precinct 3",Attorney General,,,Unassigned,0
Livingston,"Oceola Township, Precinct 3",Attorney General,,,Absentee,407
Livingston,"Oceola Township, Precinct 3",Attorney General,,,Election,538
Livingston,"Oceola Township, Precinct 3",Attorney General,,,Total,945
Livingston,"Oceola Township, Precinct 4",Attorney General,,DEM,Dana Nessel,445
Livingston,"Oceola Township, Precinct 4",Attorney General,,REP,Matthew DePerno,830
Livingston,"Oceola Township, Precinct 4",Attorney General,,LIB,Joseph W. McHugh Jr.,22
Livingston,"Oceola Township, Precinct 4",Attorney General,,UST,Gerald T. Van Sickle,8
Livingston,"Oceola Township, Precinct 4",Attorney General,,,Cast Votes,1305
Livingston,"Oceola Township, Precinct 4",Attorney General,,,Undervotes,43
Livingston,"Oceola Township, Precinct 4",Attorney General,,,Overvotes,0
Livingston,"Oceola Township, Precinct 4",Attorney General,,,Rejected,0
Livingston,"Oceola Township, Precinct 4",Attorney General,,,Unassigned,0
Livingston,"Oceola Township, Precinct 4",Attorney General,,,Absentee,541
Livingston,"Oceola Township, Precinct 4",Attorney General,,,Election,807
Livingston,"Oceola Township, Precinct 4",Attorney General,,,Total,1348
Livingston,"Oceola Township, Precinct 5",Attorney General,,DEM,Dana Nessel,461
Livingston,"Oceola Township, Precinct 5",Attorney General,,REP,Matthew DePerno,686
Livingston,"Oceola Township, Precinct 5",Attorney General,,LIB,Joseph W. McHugh Jr.,14
Livingston,"Oceola Township, Precinct 5",Attorney General,,UST,Gerald T. Van Sickle,5
Livingston,"Oceola Township, Precinct 5",Attorney General,,,Cast Votes,1166
Livingston,"Oceola Township, Precinct 5",Attorney General,,,Undervotes,41
Livingston,"Oceola Township, Precinct 5",Attorney General,,,Overvotes,0
Livingston,"Oceola Township, Precinct 5",Attorney General,,,Rejected,0
Livingston,"Oceola Township, Precinct 5",Attorney General,,,Unassigned,0
Livingston,"Oceola Township, Precinct 5",Attorney General,,,Absentee,674
Livingston,"Oceola Township, Precinct 5",Attorney General,,,Election,533
Livingston,"Oceola Township, Precinct 5",Attorney General,,,Total,1207
Livingston,"Oceola Township, Precinct 6",Attorney General,,DEM,Dana Nessel,428
Livingston,"Oceola Township, Precinct 6",Attorney General,,REP,Matthew DePerno,710
Livingston,"Oceola Township, Precinct 6",Attorney General,,LIB,Joseph W. McHugh Jr.,14
Livingston,"Oceola Township, Precinct 6",Attorney General,,UST,Gerald T. Van Sickle,8
Livingston,"Oceola Township, Precinct 6",Attorney General,,,Cast Votes,1160
Livingston,"Oceola Township, Precinct 6",Attorney General,,,Undervotes,41
Livingston,"Oceola Township, Precinct 6",Attorney General,,,Overvotes,1
Livingston,"Oceola Township, Precinct 6",Attorney General,,,Rejected,0
Livingston,"Oceola Township, Precinct 6",Attorney General,,,Unassigned,0
Livingston,"Oceola Township, Precinct 6",Attorney General,,,Absentee,471
Livingston,"Oceola Township, Precinct 6",Attorney General,,,Election,731
Livingston,"Oceola Township, Precinct 6",Attorney General,,,Total,1202
Livingston,"Putnam Township, Precinct 1",Attorney General,,DEM,Dana Nessel,475
Livingston,"Putnam Township, Precinct 1",Attorney General,,REP,Matthew DePerno,497
Livingston,"Putnam Township, Precinct 1",Attorney General,,LIB,Joseph W. McHugh Jr.,16
Livingston,"Putnam Township, Precinct 1",Attorney General,,UST,Gerald T. Van Sickle,8
Livingston,"Putnam Township, Precinct 1",Attorney General,,,Cast Votes,996
Livingston,"Putnam Township, Precinct 1",Attorney General,,,Undervotes,25
Livingston,"Putnam Township, Precinct 1",Attorney General,,,Overvotes,0
Livingston,"Putnam Township, Precinct 1",Attorney General,,,Rejected,0
Livingston,"Putnam Township, Precinct 1",Attorney General,,,Unassigned,0
Livingston,"Putnam Township, Precinct 1",Attorney General,,,Absentee,482
Livingston,"Putnam Township, Precinct 1",Attorney General,,,Election,539
Livingston,"Putnam Township, Precinct 1",Attorney General,,,Total,1021
Livingston,"Putnam Township, Precinct 2",Attorney General,,DEM,Dana Nessel,526
Livingston,"Putnam Township, Precinct 2",Attorney General,,REP,Matthew DePerno,817
Livingston,"Putnam Township, Precinct 2",Attorney General,,LIB,Joseph W. McHugh Jr.,40
Livingston,"Putnam Township, Precinct 2",Attorney General,,UST,Gerald T. Van Sickle,10
Livingston,"Putnam Township, Precinct 2",Attorney General,,,Cast Votes,1393
Livingston,"Putnam Township, Precinct 2",Attorney General,,,Undervotes,39
Livingston,"Putnam Township, Precinct 2",Attorney General,,,Overvotes,0
Livingston,"Putnam Township, Precinct 2",Attorney General,,,Rejected,0
Livingston,"Putnam Township, Precinct 2",Attorney General,,,Unassigned,0
Livingston,"Putnam Township, Precinct 2",Attorney General,,,Absentee,688
Livingston,"Putnam Township, Precinct 2",Attorney General,,,Election,744
Livingston,"Putnam Township, Precinct 2",Attorney General,,,Total,1432
Livingston,"Putnam Township, Precinct 3",Attorney General,,DEM,Dana Nessel,548
Livingston,"Putnam Township, Precinct 3",Attorney General,,REP,Matthew DePerno,558
Livingston,"Putnam Township, Precinct 3",Attorney General,,LIB,Joseph W. McHugh Jr.,26
Livingston,"Putnam Township, Precinct 3",Attorney General,,UST,Gerald T. Van Sickle,8
Livingston,"Putnam Township, Precinct 3",Attorney General,,,Cast Votes,1140
Livingston,"Putnam Township, Precinct 3",Attorney General,,,Undervotes,33
Livingston,"Putnam Township, Precinct 3",Attorney General,,,Overvotes,1
Livingston,"Putnam Township, Precinct 3",Attorney General,,,Rejected,2
Livingston,"Putnam Township, Precinct 3",Attorney General,,,Unassigned,0
Livingston,"Putnam Township, Precinct 3",Attorney General,,,Absentee,497
Livingston,"Putnam Township, Precinct 3",Attorney General,,,Election,679
Livingston,"Putnam Township, Precinct 3",Attorney General,,,Total,1176
Livingston,"Putnam Township, Precinct 4",Attorney General,,DEM,Dana Nessel,400
Livingston,"Putnam Township, Precinct 4",Attorney General,,REP,Matthew DePerno,536
Livingston,"Putnam Township, Precinct 4",Attorney General,,LIB,Joseph W. McHugh Jr.,9
Livingston,"Putnam Township, Precinct 4",Attorney General,,UST,Gerald T. Van Sickle,5
Livingston,"Putnam Township, Precinct 4",Attorney General,,,Cast Votes,950
Livingston,"Putnam Township, Precinct 4",Attorney General,,,Undervotes,24
Livingston,"Putnam Township, Precinct 4",Attorney General,,,Overvotes,0
Livingston,"Putnam Township, Precinct 4",Attorney General,,,Rejected,0
Livingston,"Putnam Township, Precinct 4",Attorney General,,,Unassigned,0
Livingston,"Putnam Township, Precinct 4",Attorney General,,,Absentee,457
Livingston,"Putnam Township, Precinct 4",Attorney General,,,Election,517
Livingston,"Putnam Township, Precinct 4",Attorney General,,,Total,974
Livingston,"Tyrone Township, Precinct 1",Attorney General,,DEM,Dana Nessel,607
Livingston,"Tyrone Township, Precinct 1",Attorney General,,REP,Matthew DePerno,814
Livingston,"Tyrone Township, Precinct 1",Attorney General,,LIB,Joseph W. McHugh Jr.,21
Livingston,"Tyrone Township, Precinct 1",Attorney General,,UST,Gerald T. Van Sickle,9
Livingston,"Tyrone Township, Precinct 1",Attorney General,,,Cast Votes,1451
Livingston,"Tyrone Township, Precinct 1",Attorney General,,,Undervotes,57
Livingston,"Tyrone Township, Precinct 1",Attorney General,,,Overvotes,0
Livingston,"Tyrone Township, Precinct 1",Attorney General,,,Rejected,0
Livingston,"Tyrone Township, Precinct 1",Attorney General,,,Unassigned,0
Livingston,"Tyrone Township, Precinct 1",Attorney General,,,Absentee,732
Livingston,"Tyrone Township, Precinct 1",Attorney General,,,Election,776
Livingston,"Tyrone Township, Precinct 1",Attorney General,,,Total,1508
Livingston,"Tyrone Township, Precinct 2",Attorney General,,DEM,Dana Nessel,687
Livingston,"Tyrone Township, Precinct 2",Attorney General,,REP,Matthew DePerno,975
Livingston,"Tyrone Township, Precinct 2",Attorney General,,LIB,Joseph W. McHugh Jr.,18
Livingston,"Tyrone Township, Precinct 2",Attorney General,,UST,Gerald T. Van Sickle,10
Livingston,"Tyrone Township, Precinct 2",Attorney General,,,Cast Votes,1690
Livingston,"Tyrone Township, Precinct 2",Attorney General,,,Undervotes,59
Livingston,"Tyrone Township, Precinct 2",Attorney General,,,Overvotes,0
Livingston,"Tyrone Township, Precinct 2",Attorney General,,,Rejected,1
Livingston,"Tyrone Township, Precinct 2",Attorney General,,,Unassigned,0
Livingston,"Tyrone Township, Precinct 2",Attorney General,,,Absentee,820
Livingston,"Tyrone Township, Precinct 2",Attorney General,,,Election,930
Livingston,"Tyrone Township, Precinct 2",Attorney General,,,Total,1750
Livingston,"Tyrone Township, Precinct 3",Attorney General,,DEM,Dana Nessel,605
Livingston,"Tyrone Township, Precinct 3",Attorney General,,REP,Matthew DePerno,1032
Livingston,"Tyrone Township, Precinct 3",Attorney General,,LIB,Joseph W. McHugh Jr.,30
Livingston,"Tyrone Township, Precinct 3",Attorney General,,UST,Gerald T. Van Sickle,6
Livingston,"Tyrone Township, Precinct 3",Attorney General,,,Cast Votes,1673
Livingston,"Tyrone Township, Precinct 3",Attorney General,,,Undervotes,39
Livingston,"Tyrone Township, Precinct 3",Attorney General,,,Overvotes,0
Livingston,"Tyrone Township, Precinct 3",Attorney General,,,Rejected,0
Livingston,"Tyrone Township, Precinct 3",Attorney General,,,Unassigned,0
Livingston,"Tyrone Township, Precinct 3",Attorney General,,,Absentee,715
Livingston,"Tyrone Township, Precinct 3",Attorney General,,,Election,997
Livingston,"Tyrone Township, Precinct 3",Attorney General,,,Total,1712
Livingston,"Tyrone Township, Precinct 4",Attorney General,,DEM,Dana Nessel,513
Livingston,"Tyrone Township, Precinct 4",Attorney General,,REP,Matthew DePerno,918
Livingston,"Tyrone Township, Precinct 4",Attorney General,,LIB,Joseph W. McHugh Jr.,34
Livingston,"Tyrone Township, Precinct 4",Attorney General,,UST,Gerald T. Van Sickle,8
Livingston,"Tyrone Township, Precinct 4",Attorney General,,,Cast Votes,1473
Livingston,"Tyrone Township, Precinct 4",Attorney General,,,Undervotes,37
Livingston,"Tyrone Township, Precinct 4",Attorney General,,,Overvotes,0
Livingston,"Tyrone Township, Precinct 4",Attorney General,,,Rejected,0
Livingston,"Tyrone Township, Precinct 4",Attorney General,,,Unassigned,0
Livingston,"Tyrone Township, Precinct 4",Attorney General,,,Absentee,551
Livingston,"Tyrone Township, Precinct 4",Attorney General,,,Election,959
Livingston,"Tyrone Township, Precinct 4",Attorney General,,,Total,1510
Livingston,"Unadilla Township, Precinct 1",Attorney General,,DEM,Dana Nessel,685
Livingston,"Unadilla Township, Precinct 1",Attorney General,,REP,Matthew DePerno,983
Livingston,"Unadilla Township, Precinct 1",Attorney General,,LIB,Joseph W. McHugh Jr.,37
Livingston,"Unadilla Township, Precinct 1",Attorney General,,UST,Gerald T. Van Sickle,20
Livingston,"Unadilla Township, Precinct 1",Attorney General,,,Cast Votes,1725
Livingston,"Unadilla Township, Precinct 1",Attorney General,,,Undervotes,34
Livingston,"Unadilla Township, Precinct 1",Attorney General,,,Overvotes,0
Livingston,"Unadilla Township, Precinct 1",Attorney General,,,Rejected,3
Livingston,"Unadilla Township, Precinct 1",Attorney General,,,Unassigned,0
Livingston,"Unadilla Township, Precinct 1",Attorney General,,,Absentee,0
Livingston,"Unadilla Township, Precinct 1",Attorney General,,,Election,1762
Livingston,"Unadilla Township, Precinct 1",Attorney General,,,Total,1762
